Financial Aid System Applicant ID,Total Tuition,Recommended Award,Rec Award Perc Tuition, Children in Applicants HH,Est Household Contribution,Total Income, Total Available for Tuition, Total Assets,Total Liabilities,Total Net Worth,P1 Alumni Academy,P1 Alumni Camp,P1 Alumni Institute,P1 Alumni All-State,P2 Alumni Academy,P2 Alumni Camp,P2 Alumni All-State,P2:Alumni Institute,Sum Alum,Grade,Primary Arts Area,Aid Total Need,Aid Merit,Aid Inst Grant,Sex,Behavior Review,Academic Review,Health Review,Learning Specialist Review,CAPS Review,Sum Review,Tuition Default,Art Rating,Accepted,Attended Camp,Attended Inst,Attended Sum,Tuition Remander,Total FA,Percent FA,Enrolled
658757,64615,0,0,2,30000,423423,242636,1289190,396841,892349,0,0,0,0,0,0,0,0,0,11,4,0,5000,29615,0,0,0,0,0,0,0,0,3,1,1,0,1,30000,34615,0.5357,1
623823,64615,0,0,2,5000,129634,98248,2044900,145142,1899758,0,0,0,0,0,0,0,0,0,11,5,14000,7000,7000,1,0,0,0,0,0,0,0,3,1,0,0,0,36615,28000,0.4333,0
656029,64615,64615,1,1,0,7878,0,3200,0,3200,0,0,0,0,0,0,0,0,0,11,1,25000,10000,1500,0,0,0,0,0,0,0,0,4,1,1,0,1,28115,36500,0.5649,0
650561,64615,0,0,2,50000,531886,484568,3477072,1379924,2097148,0,0,0,0,0,0,0,0,0,10,7,0,0,0,0,1,1,0,1,1,4,0,4,1,0,0,0,64615,0,0,1
655709,64615,0,0,1,35000,71044,72352,1667000,0,1667000,0,0,0,0,0,0,0,0,0,11,3,10000,15000,1000,1,0,1,0,0,0,1,0,5,1,1,0,1,38615,26000,0.4024,1
659806,68685,0,0,1,10000,97318,68827,652900,26714,626186,0,0,0,0,0,0,0,0,0,12,0,0,10000,0,1,0,0,0,0,0,0,0,4,1,1,0,1,58685,10000,0.1456,1
655651,40940,36140,0.8828,1,4800,74746,4800,248017,166897,81120,0,0,0,0,0,0,0,0,0,11,3,17000,15000,0,1,0,0,0,0,0,0,0,5,1,1,0,1,8940,32000,0.7816,1
658852,68685,0,0,1,10000,218000,103787,922200,216000,706200,0,0,0,0,0,0,0,0,0,12,0,9000,7000,42685,1,0,0,0,0,0,0,0,3,1,1,0,1,10000,58685,0.8544,0
660515,64615,0,0,2,1000,231379,144686,1410068,162080,1247988,0,0,0,0,0,0,0,0,0,11,0,0,30000,24615,1,0,0,0,0,0,0,0,5,1,1,0,1,10000,54615,0.8452,1
659212,68685,50611,0.7369,2,5000,112613,18074,12000,2000,10000,0,0,0,0,0,0,0,0,0,12,0,51500,0,0,0,0,1,0,0,0,1,0,2,1,1,0,1,17185,51500,0.7498,1
659012,68685,0,0,1,45000,209691,222780,3751925,313939,3437986,0,0,0,0,0,0,0,0,0,12,0,0,3000,0,0,0,0,0,0,1,1,0,3,1,1,0,1,65685,3000,0.0437,1
647328,68685,68185,0.9927,2,500,14,500,85900,11599,74301,0,0,0,0,0,0,0,0,0,12,0,55500,5000,0,0,0,1,0,0,0,1,0,3,1,0,0,0,8185,60500,0.8808,1
625502,64615,64615,1,1,0,10000,0,5000,12000,-7000,0,0,0,0,0,0,0,0,0,11,0,40000,5000,0,0,1,0,0,0,1,2,0,2,1,0,0,0,19615,45000,0.6964,1
628501,64615,29615,0.4583,1,35000,57237,35000,370000,2500,367500,0,0,0,0,0,0,0,0,0,11,0,0,0,7000,1,0,0,0,0,0,0,0,5,1,0,0,0,57615,7000,0.1083,1
606906,64615,0,0,1,10000,240721,105877,646329,398611,247718,0,0,0,0,0,0,0,0,0,11,1,0,3000,22000,1,0,0,0,0,0,0,0,3,1,1,0,1,39615,25000,0.3869,1
650764,64615,0,0,1,15000,179175,82384,996900,212898,784002,0,0,0,0,0,0,0,0,0,11,0,0,10000,21000,0,0,0,0,0,0,0,0,3,1,0,0,0,33615,31000,0.4798,1
621799,68685,51872,0.7552,2,1200,76000,16813,133000,96084,36916,0,0,0,0,0,0,0,0,0,12,5,43000,10000,5000,1,0,0,0,0,0,0,0,4,1,1,0,1,10685,58000,0.8444,1
621613,64615,0,0,1,38000,266503,133713,1775922,606487,1169435,0,0,0,0,0,0,0,0,0,10,1,0,5000,7000,1,0,1,0,0,0,1,0,4,1,1,0,1,52615,12000,0.1857,1
614284,40940,20940,0.5115,2,20000,26327,20000,279931,61941,217990,0,0,0,0,0,0,0,0,0,11,4,0,0,0,1,0,0,0,0,0,0,0,3,1,1,0,1,40940,0,0,1
621025,64615,0,0,2,13900,169304,85360,488367,66573,421794,0,0,0,0,0,0,0,0,0,12,0,35000,0,15000,1,0,0,0,0,0,0,0,5,1,1,0,1,14615,50000,0.7738,1
598967,64615,36066,0.5582,1,10000,13996,28549,1396000,8000,1388000,0,0,0,0,0,0,0,0,0,9,0,15000,7000,0,0,0,0,0,0,0,0,0,4,1,0,0,0,42615,22000,0.3405,1
597094,64615,0,0,2,30000,301264,151257,2060366,908437,1151929,0,0,0,0,0,0,0,0,0,10,4,0,0,8000,1,1,1,0,1,1,4,0,2,1,1,0,1,56615,8000,0.1238,1
596525,64615,0,0,1,8000,110528,107727,1278756,3000,1275756,0,0,0,0,0,0,0,0,0,11,0,0,0,40000,0,0,0,0,0,0,0,0,5,1,1,0,1,24615,40000,0.6191,1
597887,68685,42416,0.6175,4,10000,72949,22199,34184,1200,32984,0,0,0,0,0,0,0,0,0,12,0,36000,0,20000,1,0,1,0,0,0,1,0,5,1,0,0,0,12685,56000,0.8153,1
598307,68685,0,0,1,10000,318879,158137,1501785,1063884,437901,0,0,0,0,0,0,0,0,0,12,0,0,0,23000,0,0,0,0,0,0,0,0,3,1,1,1,2,45685,23000,0.3349,1
599591,64615,1078,0.0167,2,0,138611,63537,960750,170920,789830,0,0,0,0,0,0,0,0,0,12,0,35500,0,5000,0,0,0,0,0,0,0,0,4,1,1,0,1,24115,40500,0.6268,1
599841,64615,41615,0.644,3,23000,16803,23000,446000,8000,438000,0,0,0,0,0,0,0,0,0,9,6,21000,0,10000,1,1,1,0,0,1,3,0,3,1,0,0,0,33615,31000,0.4798,1
599126,64615,14195,0.2197,1,30000,77996,50420,564500,15000,549500,0,0,0,0,0,0,0,0,0,11,0,10000,0,10000,1,0,0,0,0,0,0,0,4,1,0,0,0,44615,20000,0.3095,1
599315,68685,37692,0.5488,1,12000,91019,30993,96421,14484,81937,0,0,0,0,0,0,0,0,0,12,0,29000,7500,0,0,0,0,0,0,0,0,0,4,1,1,0,1,32185,36500,0.5314,1
598144,64615,0,0,2,20000,259550,182573,280000,180000,100000,0,0,0,0,0,0,0,0,0,9,1,0,3000,23000,1,0,0,1,0,0,1,0,3,1,0,0,0,38615,26000,0.4024,1
598566,64615,0,0,2,15000,129383,128518,2852950,873916,1979034,0,0,0,0,0,0,0,0,0,11,0,0,0,35000,0,0,0,0,0,0,0,0,5,1,0,0,0,29615,35000,0.5417,1
599153,68685,17833,0.2596,1,18000,165200,50852,544000,473000,71000,0,0,0,0,0,0,0,0,0,12,0,17000,0,15000,0,0,0,0,0,0,0,0,5,1,0,0,0,36685,32000,0.4659,0
598933,64615,0,0,2,30000,360779,177616,2065967,913151,1152816,0,0,0,0,0,0,0,0,0,9,1,0,0,10000,1,0,0,0,0,0,0,0,4,1,0,0,0,54615,10000,0.1548,1
597302,64615,479,0.0074,1,1000,115842,64136,1061167,29000,1032167,0,1,0,0,0,0,0,0,1,9,4,11500,4500,24500,1,0,0,0,0,0,0,0,3,1,1,0,1,24115,40500,0.6268,0
598855,40940,0,0,1,10000,136129,53190,304475,97168,207307,0,0,0,0,0,0,0,0,0,11,3,0,0,17500,1,0,1,0,0,0,1,0,4,1,1,0,1,23440,17500,0.4275,1
597392,64615,34569,0.535,2,15000,155350,30046,874000,507000,367000,0,0,0,0,0,0,0,0,0,11,3,33000,0,0,1,0,0,0,0,0,0,0,2,1,0,0,0,31615,33000,0.5107,0
598277,68685,58080,0.8456,2,0,121608,10605,528000,399000,129000,0,0,0,0,0,0,0,0,0,12,0,46000,0,0,0,0,0,0,0,0,0,0,3,1,0,0,0,22685,46000,0.6697,0
597625,68685,0,0,2,26000,218566,101472,1426000,420000,1006000,0,0,0,0,0,0,0,0,0,13,4,0,0,22000,1,0,0,0,0,0,0,0,3,1,1,0,1,46685,22000,0.3203,0
597408,64615,0,0,2,25000,465625,98961,2231138,1496771,734367,0,0,0,0,0,0,0,0,0,11,0,0,5000,24500,1,0,0,0,0,0,0,0,3,1,1,0,1,35115,29500,0.4566,1
598003,68685,53855,0.7841,1,14100,57666,14830,106770,31704,75066,0,0,0,0,0,0,0,0,0,13,1,39000,5000,0,1,0,0,0,0,0,0,0,4,1,0,0,0,24685,44000,0.6406,1
597083,68685,50774,0.7392,2,1000,82442,17911,1222457,842247,380210,0,0,0,0,0,0,0,0,0,12,1,38000,0,15000,0,0,0,0,0,0,0,0,4,1,0,0,0,15685,53000,0.7716,1
595882,64615,0,0,1,42500,411000,192676,2125000,2755000,-630000,0,0,0,0,0,0,0,0,0,9,0,0,0,10000,0,0,0,1,0,0,1,0,3,1,0,0,0,54615,10000,0.1548,1
598470,68685,0,0,1,20000,210267,120966,1827800,335791,1492009,0,0,0,1,0,0,0,0,1,12,1,0,0,43000,0,0,0,0,0,0,0,0,5,1,0,0,0,25685,43000,0.626,1
598617,64615,0,0,1,35000,240518,153001,1514675,372977,1141698,0,0,0,0,0,0,0,0,0,9,0,0,0,17000,1,0,1,1,0,0,2,0,3,1,0,0,0,47615,17000,0.2631,1
599119,64615,0,0,2,40000,757679,643768,6101950,1165150,4936800,0,0,0,0,0,0,0,0,0,12,0,0,0,6000,0,0,0,0,0,0,0,0,4,1,0,0,0,58615,6000,0.0929,1
596156,68685,0,0,1,15000,473910,249194,1797402,686031,1111371,0,0,0,0,0,0,0,0,0,13,0,0,0,20000,1,0,0,0,0,1,1,0,4,1,1,0,1,48685,20000,0.2912,1
599616,64615,44615,0.6905,1,20000,23047,20000,218624,693,217931,0,0,0,0,0,0,0,0,0,11,0,15000,0,15000,1,0,1,0,0,0,1,0,5,1,0,0,0,34615,30000,0.4643,1
595920,64615,35651,0.5517,2,7000,133148,28964,229182,129406,99776,0,0,0,0,0,0,0,0,0,11,0,35000,0,11000,0,0,0,1,0,0,1,0,4,1,0,0,0,18615,46000,0.7119,1
595807,64615,61015,0.9443,3,3600,53730,3600,135129,69318,65811,0,0,0,0,0,0,0,0,0,11,0,50000,5000,0,1,0,0,0,0,0,0,0,4,1,0,0,0,9615,55000,0.8512,1
597537,68685,66685,0.9709,1,2000,60334,2000,497350,285561,211789,0,0,0,0,0,0,0,0,0,12,0,51000,0,5000,0,0,0,0,0,0,0,0,4,1,0,0,0,12685,56000,0.8153,1
595253,64615,46337,0.7171,1,300,88890,18278,218600,251000,-32400,0,0,0,0,0,0,0,0,0,11,0,49000,0,3000,1,0,0,0,0,0,0,0,2,1,1,0,1,12615,52000,0.8048,1
599277,68685,0,0,2,15000,170000,97710,561000,155000,406000,0,0,0,0,0,0,0,0,0,12,5,0,0,35000,1,0,0,0,0,0,0,0,3,1,0,0,0,33685,35000,0.5096,0
599161,64615,51115,0.7911,2,13500,171699,13500,2061610,2537433,-475823,0,0,0,0,0,0,0,0,0,13,1,40000,0,0,0,0,0,0,0,0,0,0,3,1,0,0,0,24615,40000,0.6191,1
597947,64615,0,0,2,20000,541000,401047,1626000,424000,1202000,0,0,0,0,0,0,0,0,0,11,1,0,0,16000,1,0,0,0,0,0,0,0,4,1,1,0,1,48615,16000,0.2476,1
548217,64615,57615,0.8917,1,7000,72400,7000,507500,367405,140095,0,0,0,0,0,0,0,0,0,11,1,54500,0,0,0,0,0,0,0,0,0,0,3,1,1,0,1,10115,54500,0.8435,1
526849,64615,0,0,3,3000,472243,249236,2972333,1291607,1680726,0,0,0,0,0,0,0,0,0,11,6,0,10000,0,1,0,0,0,0,0,0,0,4,1,0,0,0,54615,10000,0.1548,0
596788,68685,0,0,2,28000,172662,126898,1996016,186680,1809336,0,0,0,0,0,0,0,0,0,12,0,0,0,30685,0,0,0,0,0,0,0,0,3,1,1,0,1,38000,30685,0.4467,1
596232,64615,60615,0.9381,2,4000,42622,4000,230750,182000,48750,0,0,0,0,0,0,0,0,0,11,5,46000,0,5000,1,0,0,0,0,0,0,0,4,1,0,0,0,13615,51000,0.7893,0
596715,64615,0,0,1,38000,529392,277228,1229316,538147,691169,0,0,0,0,0,0,0,0,0,12,0,0,0,10000,1,0,0,0,0,0,0,0,3,1,1,0,1,54615,10000,0.1548,1
597827,64615,29615,0.4583,2,35000,33600,35000,128389,0,128389,0,0,0,0,0,0,0,0,0,10,0,15000,0,7000,1,0,0,0,0,0,0,0,3,1,1,0,1,42615,22000,0.3405,1
596321,64615,59615,0.9226,3,5000,56012,5000,51537,19600,31937,0,0,0,0,0,0,0,0,0,9,0,46000,0,0,1,0,1,0,0,0,1,0,4,1,1,0,1,18615,46000,0.7119,1
599280,64615,0,0,2,50000,242933,111365,705904,353620,352284,0,0,0,0,0,0,0,0,0,10,0,0,0,5000,0,0,0,0,0,0,0,0,4,1,0,0,0,59615,5000,0.0774,1
597706,64615,55693,0.8619,5,5000,88082,8922,154995,117926,37069,0,0,0,0,0,0,0,0,0,11,0,44000,0,10000,1,0,0,0,0,0,0,0,4,1,1,0,1,10615,54000,0.8357,1
597447,68685,28573,0.416,2,7000,125277,40112,196000,153074,42926,0,0,0,0,0,0,0,0,0,12,0,32000,7500,5000,0,0,0,0,0,0,0,0,4,1,0,0,0,24185,44500,0.6479,0
596816,64615,41167,0.6371,2,5000,119163,23448,54500,148880,-94380,0,0,0,0,0,0,0,0,0,9,1,40000,0,12000,1,0,0,0,0,0,0,0,3,1,0,0,0,12615,52000,0.8048,1
599562,68685,0,0,1,40000,177808,165878,2299000,0,2299000,0,0,0,0,0,0,0,0,0,13,0,3000,0,12000,1,0,0,0,0,1,1,0,3,1,1,0,1,53685,15000,0.2184,1
592129,64615,64115,0.9923,2,500,14400,500,0,0,0,0,0,0,0,0,0,0,0,0,12,0,49615,0,7000,0,0,0,0,0,0,0,0,4,1,0,0,0,8000,56615,0.8762,0
597201,68685,5076,0.0739,1,5000,156285,63609,241288,30281,211007,0,0,0,0,0,0,0,0,0,12,0,7000,0,23000,1,0,0,1,0,0,1,0,3,1,0,0,0,38685,30000,0.4368,1
597953,40940,34940,0.8534,3,6000,31200,6000,129386,94342,35044,0,0,0,0,0,0,0,0,0,9,1,28325,0,0,0,0,1,0,0,1,2,0,2,1,0,0,0,12615,28325,0.6919,1
598864,64615,46615,0.7214,2,18000,25000,18000,7203,27180,-19977,0,0,0,0,0,0,0,0,0,10,0,40000,0,0,0,0,0,0,0,0,0,0,3,1,1,0,1,24615,40000,0.6191,1
597679,64615,44615,0.6905,1,20000,1741,20000,1153361,6629,1146732,0,0,0,0,0,0,0,0,0,11,4,12000,0,0,0,0,0,0,0,0,0,0,4,1,0,0,0,52615,12000,0.1857,1
596037,68685,25658,0.3736,1,10000,114514,43027,262500,52424,210076,0,0,0,0,0,0,0,0,0,12,0,25000,0,24000,1,0,1,0,0,0,1,0,4,1,0,0,0,19685,49000,0.7134,1
595246,64615,9714,0.1503,2,25000,189575,54901,1619000,1017000,602000,0,0,0,0,0,0,0,0,0,9,4,7000,0,13000,1,0,0,0,0,0,0,0,4,1,1,0,1,44615,20000,0.3095,1
598267,64615,25415,0.3933,1,39200,21265,39200,718022,37137,680885,0,0,0,0,0,0,0,0,0,9,1,12000,0,0,1,0,0,1,0,0,1,0,3,1,1,0,1,52615,12000,0.1857,1
598309,64615,1275,0.0197,2,12000,180845,63340,411244,528612,-117368,0,0,0,0,0,0,0,0,0,9,0,2000,3000,27000,1,0,0,0,0,0,0,0,3,1,0,0,0,32615,32000,0.4952,0
595808,64615,33661,0.5209,2,10000,77770,30954,733900,1900,732000,0,0,0,0,0,0,0,0,0,10,1,26000,0,15000,0,0,0,0,0,0,0,0,3,1,1,0,1,23615,41000,0.6345,1
595103,64615,0,0,2,55000,462955,219209,1113000,268000,845000,0,0,0,0,0,0,0,0,0,10,1,0,0,3500,1,0,0,0,0,1,1,0,3,1,1,0,1,61115,3500,0.0542,1
596052,64615,4732,0.0732,1,20000,198184,59883,42300,35485,6815,0,0,0,0,0,0,0,0,0,11,1,0,0,25000,1,0,0,1,0,1,2,0,4,1,1,0,1,39615,25000,0.3869,1
598992,68685,11579,0.1686,1,1500,121727,53036,143100,90602,52498,0,0,0,0,0,0,0,0,0,12,0,20000,7000,20000,0,0,0,0,0,0,0,0,4,1,0,0,0,21685,47000,0.6843,0
599215,68685,0,0,1,10000,712603,537716,1881933,882397,999536,0,0,0,0,0,0,0,0,0,12,5,29000,15000,0,1,0,0,0,0,1,1,0,5,1,0,0,0,24685,44000,0.6406,1
596067,40940,0,0,2,15000,167542,77652,829000,382811,446189,0,0,0,0,0,0,0,0,0,10,0,0,0,15000,1,0,0,0,0,0,0,0,3,1,0,0,0,25940,15000,0.3664,1
599313,64615,42255,0.654,1,9000,114000,22360,11560,21700,-10140,0,0,0,0,0,0,0,0,0,11,0,37000,0,5000,1,1,0,0,0,1,2,0,3,1,0,0,0,22615,42000,0.65,1
598815,64615,54615,0.8452,2,10000,59794,10000,1950,49264,-47314,0,1,0,0,0,0,0,0,1,9,0,34000,0,15000,1,0,0,0,0,1,1,0,5,1,1,0,1,15615,49000,0.7583,1
596070,64615,0,0,4,12000,334957,213866,887203,483471,403732,0,0,0,0,0,0,0,0,0,10,1,0,0,32000,0,0,0,0,0,0,0,0,4,1,1,0,1,32615,32000,0.4952,1
597232,64615,0,0,2,25000,787765,515386,2283539,1327709,955830,0,0,0,0,0,0,0,0,0,9,3,0,0,25000,1,0,0,0,0,0,0,0,4,1,0,0,0,39615,25000,0.3869,1
596304,64615,61615,0.9536,2,3000,27364,3000,13750,11000,2750,0,0,0,0,0,0,0,0,0,10,0,39000,0,0,1,0,1,0,0,0,1,0,3,1,0,0,0,25615,39000,0.6036,1
599278,64615,0,0,1,30000,224057,93625,682555,204945,477610,0,1,0,1,0,0,0,0,2,11,7,0,0,20000,1,0,0,0,0,1,1,0,4,1,1,0,1,44615,20000,0.3095,1
598893,64615,49615,0.7679,1,15000,0,15000,1066034,499859,566175,0,0,0,0,0,0,0,0,0,11,0,40000,0,0,1,0,0,0,0,0,0,0,2,1,1,0,1,24615,40000,0.6191,1
596792,64615,8596,0.133,2,30000,88900,56019,555000,138000,417000,0,0,0,0,0,0,0,0,0,11,4,7000,0,5000,1,0,1,0,0,0,1,0,4,1,1,0,1,52615,12000,0.1857,1
596797,64615,0,0,2,20000,242554,81038,1430248,1202193,228055,0,0,0,0,0,0,0,0,0,11,0,0,0,22000,0,0,0,0,0,0,0,0,4,1,1,0,1,42615,22000,0.3405,1
607701,64615,3805,0.0589,1,10000,128483,60810,554300,100276,454024,0,0,0,0,0,0,0,0,0,11,5,3000,5000,31000,1,0,0,0,0,0,0,0,3,1,0,0,0,25615,39000,0.6036,1
607833,68685,63685,0.9272,2,5000,77610,5000,309000,199109,109891,0,0,0,0,0,0,0,0,0,12,0,51000,5000,0,0,0,0,0,0,0,0,0,4,1,1,0,1,12685,56000,0.8153,1
607066,64615,14615,0.2262,1,50000,96944,50000,628929,201950,426979,0,0,0,0,0,0,0,0,0,12,7,0,0,10000,1,0,0,0,0,0,0,0,4,1,0,0,0,54615,10000,0.1548,1
608839,64615,60615,0.9381,1,4000,15960,4000,30996,60000,-29004,0,0,0,0,0,0,0,0,0,12,0,38000,0,5000,0,0,0,0,0,0,0,0,5,1,0,0,0,21615,43000,0.6655,1
605432,64615,62615,0.969,3,2000,26713,2000,42860,13500,29360,0,0,0,0,0,0,0,0,0,10,0,37000,15000,0,0,0,0,0,0,0,0,0,5,1,0,0,0,12615,52000,0.8048,0
601536,64615,54615,0.8452,1,10000,61699,10000,437545,203159,234386,0,0,0,0,0,0,0,0,0,11,4,52000,0,0,1,0,0,0,0,0,0,0,2,1,1,0,1,12615,52000,0.8048,1
606685,64615,64615,1,1,0,18926,0,115000,1500,113500,0,0,0,0,0,0,0,0,0,11,0,15000,15000,15000,0,0,1,0,0,0,1,0,5,1,0,0,0,19615,45000,0.6964,1
609042,64615,0,0,4,25000,405000,154615,792000,445000,347000,0,0,0,0,0,0,0,0,0,9,3,0,4000,15000,1,0,0,0,0,0,0,0,3,1,0,0,0,45615,19000,0.294,0
603437,64615,0,0,2,25000,115561,65139,1190000,0,1190000,0,0,0,0,0,0,0,0,0,12,0,14700,0,22500,1,0,0,0,0,0,0,0,4,1,1,0,1,27415,37200,0.5757,1
605136,64615,52615,0.8143,1,12000,26360,12000,295300,0,295300,0,0,0,0,0,0,0,0,0,10,0,46500,0,0,1,0,0,0,0,0,0,0,4,1,1,0,1,18115,46500,0.7196,1
609066,64615,0,0,2,3800,330810,288412,763234,0,763234,0,0,0,0,0,0,0,0,0,11,6,0,10000,0,1,0,0,0,0,0,0,0,4,1,0,0,0,54615,10000,0.1548,0
600097,64615,50231,0.7774,2,2500,71525,14384,127866,119346,8520,0,0,0,0,0,0,0,0,0,9,4,35000,15000,0,1,0,0,0,0,0,0,0,5,1,0,0,0,14615,50000,0.7738,0
607013,64615,49706,0.7693,1,0,91961,14909,506160,254589,251571,0,0,0,0,0,0,0,0,0,11,6,27000,17000,0,1,0,0,0,0,0,0,0,4,1,0,0,0,20615,44000,0.681,0
608895,64615,0,0,2,35000,161245,87259,747464,0,747464,0,0,0,0,0,0,0,0,0,10,0,4000,0,6000,0,0,1,0,0,0,1,0,1,1,0,0,0,54615,10000,0.1548,1
605021,40940,36940,0.9023,3,4000,48000,4000,257450,188700,68750,0,0,0,0,0,0,0,0,0,12,3,25000,0,0,0,0,0,0,0,0,0,0,5,1,0,0,0,15940,25000,0.6106,1
607061,64615,61615,0.9536,2,3000,43199,3000,75491,15412,60079,0,0,0,0,0,0,0,0,0,12,0,49500,0,0,1,0,0,0,0,0,0,0,2,1,0,0,0,15115,49500,0.7661,1
601608,64615,54720,0.8469,1,8000,36596,9895,299500,0,299500,0,0,0,0,0,0,0,0,0,11,0,24000,15000,0,1,0,0,0,0,0,0,0,5,1,0,0,0,25615,39000,0.6036,0
608909,64615,64615,1,1,0,30607,0,257020,226284,30736,0,0,0,0,0,0,0,0,0,11,0,48000,5000,0,1,0,1,0,0,1,2,0,3,1,0,0,0,11615,53000,0.8202,1
605408,68685,0,0,2,37500,281657,306444,3900984,209009,3691975,0,0,0,0,0,0,0,0,0,12,7,0,0,7000,1,0,0,0,0,0,0,0,2,1,0,0,0,61685,7000,0.1019,1
606879,64615,53611,0.8297,1,5000,72614,11004,33366,55400,-22034,0,0,0,0,0,0,0,0,0,9,1,44000,5000,0,1,0,0,0,0,0,0,0,4,1,0,0,0,15615,49000,0.7583,0
607601,64615,0,0,1,59000,327732,267236,2987401,477088,2510313,0,0,0,0,0,0,0,0,0,12,1,0,0,3000,1,0,0,0,0,0,0,0,5,1,0,0,0,61615,3000,0.0464,1
605281,64615,39615,0.6131,1,25000,40013,25000,169478,0,169478,0,0,0,0,0,0,0,0,0,10,0,5000,15000,0,0,0,1,0,0,0,1,0,5,1,0,0,0,44615,20000,0.3095,1
608410,40940,6848,0.1673,2,15000,152761,57767,626000,235340,390660,0,0,0,0,0,0,0,0,0,11,0,21000,0,0,0,0,0,0,0,0,0,0,3,1,1,0,1,19940,21000,0.5129,1
607752,64615,47905,0.7414,1,15300,79201,16710,237133,100310,136823,0,0,0,0,0,0,0,0,0,12,0,48500,0,0,1,0,0,0,0,0,0,0,4,1,1,0,1,16115,48500,0.7506,1
608144,64615,0,0,1,18500,250660,144779,1265073,360325,904748,0,0,0,0,0,0,0,0,0,12,0,15000,0,25000,0,0,0,0,0,0,0,0,5,1,1,0,1,24615,40000,0.6191,1
602574,64615,0,0,4,15000,87636,91200,1685000,100000,1585000,0,0,0,0,0,0,0,0,0,10,0,0,15000,17000,1,0,0,0,0,0,0,0,5,1,0,0,0,32615,32000,0.4952,0
609381,64615,0,0,1,0,537678,481671,1011700,115400,896300,0,0,0,0,0,0,0,0,0,10,6,0,10000,7000,0,0,0,0,0,0,0,0,3,1,0,0,0,47615,17000,0.2631,0
609095,64615,39615,0.6131,2,25000,18850,25000,569000,0,569000,0,0,0,0,0,0,0,0,0,10,4,35000,0,0,0,0,0,0,0,0,0,0,4,1,1,0,1,29615,35000,0.5417,1
608957,68685,0,0,1,30000,212085,101842,1016400,345425,670975,0,0,0,0,0,0,0,0,0,12,7,0,10000,14000,1,0,0,0,0,0,0,0,4,1,0,0,0,44685,24000,0.3494,1
600182,64615,62615,0.969,4,2000,62529,2000,188400,142130,46270,0,0,0,0,0,0,0,0,0,9,3,52000,0,0,1,0,0,0,0,0,0,0,2,1,0,0,0,12615,52000,0.8048,0
602762,64615,0,0,1,20000,215580,147086,1134105,730214,403891,0,0,0,0,0,0,0,0,0,11,6,0,17000,15000,1,0,1,0,0,0,1,0,5,1,0,0,0,32615,32000,0.4952,1
605284,64615,17173,0.2658,1,40000,48528,47442,987000,2000,985000,0,0,0,0,0,0,0,0,0,12,0,0,0,15000,0,0,0,0,0,0,0,0,4,1,1,0,1,49615,15000,0.2321,1
606059,64615,22137,0.3426,1,17000,117145,42478,342200,337943,4257,0,0,0,0,0,0,0,0,0,12,0,30000,0,15000,0,0,0,0,0,0,0,0,5,1,1,0,1,19615,45000,0.6964,1
605972,64615,9309,0.1441,1,8000,160755,59376,551407,343507,207900,0,0,0,0,0,0,0,0,0,12,0,20000,15000,14000,1,0,0,0,0,0,0,0,5,1,1,0,1,15615,49000,0.7583,1
600184,68685,52423,0.7632,1,2000,112000,16262,328500,13000,315500,0,0,0,0,0,0,0,0,0,13,0,48000,0,0,0,0,0,0,0,0,0,0,2,1,0,0,0,20685,48000,0.6988,0
603235,64615,29615,0.4583,1,35000,13242,35000,295185,0,295185,0,0,0,0,0,0,0,0,0,11,0,7000,0,3000,0,0,0,0,0,0,0,0,3,1,0,0,0,54615,10000,0.1548,1
607718,64615,48786,0.755,3,5000,96394,15829,160500,4000,156500,0,0,0,0,0,0,0,0,0,9,6,29000,10000,0,1,0,0,0,0,0,0,0,2,1,0,0,0,25615,39000,0.6036,0
608506,64615,0,0,3,20000,167355,124155,1028244,10668,1017576,0,0,0,0,0,0,0,0,0,12,0,36900,0,0,1,0,0,0,0,0,0,0,3,1,1,0,1,27715,36900,0.5711,1
606224,64615,0,0,2,35000,178054,89466,330500,152839,177661,0,0,0,0,0,0,0,0,0,10,7,8000,0,15000,0,0,0,0,0,0,0,0,4,1,1,0,1,41615,23000,0.356,1
606752,64615,0,0,1,7000,173418,90136,737482,89281,648201,0,0,0,0,0,0,0,0,0,12,0,42000,0,0,0,0,0,0,0,0,0,0,5,1,1,0,1,22615,42000,0.65,1
609050,64615,58615,0.9071,3,6000,60250,6000,332600,140399,192201,0,0,0,0,0,0,0,0,0,11,3,37265,0,20000,0,0,0,0,0,0,0,0,5,1,0,0,0,7350,57265,0.8862,1
609552,64615,0,0,1,30000,439000,552173,7360000,1590000,5770000,0,0,0,0,0,0,0,0,0,11,0,0,0,9000,1,0,0,0,0,0,0,0,5,1,0,0,0,55615,9000,0.1393,1
605608,64615,53097,0.8217,2,3730,93414,11518,326450,182716,143734,0,0,0,0,0,0,0,0,0,11,1,42500,5000,0,1,0,0,0,0,0,0,0,4,1,1,0,1,17115,47500,0.7351,1
608329,64615,54615,0.8452,1,10000,40726,10000,70500,18500,52000,0,0,0,0,0,0,0,0,0,11,3,44000,3000,0,1,0,0,0,0,1,1,0,3,1,1,0,1,17615,47000,0.7274,1
605249,64615,0,0,5,46804,797662,503760,3400790,25485,3375305,0,0,0,0,0,0,0,0,0,11,0,0,0,11000,0,0,0,0,0,0,0,0,4,1,1,0,1,53615,11000,0.1702,1
608029,64615,0,0,4,40000,105500,173699,3606000,165000,3441000,0,0,0,0,0,0,0,0,0,10,0,0,0,10000,0,0,0,0,0,0,0,0,4,1,1,0,1,54615,10000,0.1548,1
609502,64615,42786,0.6622,1,1200,78507,21829,104699,31496,73203,0,0,0,0,0,0,0,0,0,12,0,47900,0,0,1,0,0,0,0,0,0,0,4,1,1,0,1,16715,47900,0.7413,1
606323,64615,0,0,1,20000,233225,156108,764000,52000,712000,0,0,0,0,0,0,0,0,0,12,0,30500,0,5000,1,0,0,0,0,0,0,0,4,1,1,0,1,29115,35500,0.5494,1
603436,64615,62115,0.9613,3,2500,38460,2500,370,0,370,0,0,0,0,0,0,0,0,0,9,0,49000,5000,0,1,0,1,0,0,0,1,0,4,1,1,0,1,10615,54000,0.8357,1
606907,64615,8221,0.1272,4,5000,210000,56394,26000,123000,-97000,0,0,0,0,0,0,0,0,0,12,6,49500,0,0,1,0,0,0,0,0,0,0,4,1,1,0,1,15115,49500,0.7661,1
605733,64615,42155,0.6524,2,2500,96723,22460,313850,223236,90614,0,0,0,0,0,0,0,0,0,10,0,35000,5000,0,1,0,0,0,0,0,0,0,3,1,0,0,0,24615,40000,0.6191,0
608870,64615,0,0,1,10000,169160,94031,1233533,310879,922654,0,0,0,0,0,0,0,0,0,12,0,27400,0,20000,0,0,0,0,0,0,0,0,4,1,1,0,1,17215,47400,0.7336,1
608325,64615,35591,0.5508,2,7500,104485,29024,578101,235987,342114,0,0,0,0,0,0,0,0,0,12,0,38000,0,0,1,0,0,0,0,0,0,0,1,1,0,0,0,26615,38000,0.5881,1
607552,64615,0,0,1,20000,218297,77365,1491100,1068375,422725,0,0,0,0,0,0,0,0,0,12,0,35000,0,0,1,0,0,0,0,0,0,0,3,1,1,0,1,29615,35000,0.5417,1
606926,64615,0,0,2,20000,363306,265833,2608546,399347,2209199,0,0,0,0,0,0,0,0,0,11,4,0,10000,8000,1,0,0,0,0,0,0,0,4,1,0,0,0,46615,18000,0.2786,0
604297,64615,49274,0.7626,2,4000,138200,15341,222301,226031,-3730,0,0,0,0,0,0,0,0,0,9,0,49500,0,5000,0,0,0,0,0,0,0,0,4,1,0,0,0,10115,54500,0.8435,0
608583,68685,0,0,1,30000,166539,108724,863678,78645,785033,0,0,0,0,0,0,0,0,0,12,0,0,5000,10000,1,0,0,0,0,0,0,0,3,1,0,0,0,53685,15000,0.2184,0
609659,64615,14129,0.2187,1,30000,47000,50486,1222000,0,1222000,0,0,0,0,0,0,0,0,0,11,4,17000,0,0,1,0,0,0,0,0,0,0,4,1,0,0,0,47615,17000,0.2631,1
608087,64615,63685,0.9856,1,5000,69196,5000,332404,189472,142932,0,0,0,0,0,0,0,0,0,13,0,50480,0,5000,1,0,0,0,0,0,0,0,4,1,1,0,1,9135,55480,0.8586,1
601274,64615,33067,0.5118,3,12000,102726,31548,258835,224067,34768,1,0,0,0,0,0,0,0,1,9,5,33000,0,10000,1,0,0,0,0,0,0,0,2,1,0,0,0,21615,43000,0.6655,0
607036,64615,37667,0.5829,1,10000,57764,26948,279750,0,279750,0,0,0,0,0,0,0,0,0,12,0,26000,0,10000,1,0,0,0,0,0,0,0,4,1,0,0,0,28615,36000,0.5571,1
617222,40940,0,0,2,15000,452858,402901,2764294,369709,2394585,0,0,0,0,0,0,0,0,0,9,0,0,0,8000,1,0,0,0,0,0,0,0,2,1,1,0,1,32940,8000,0.1954,1
617949,64615,0,0,2,40000,291633,226212,2618000,939000,1679000,0,0,0,0,0,0,0,0,0,10,4,0,0,5000,1,0,0,0,0,0,0,0,3,1,0,0,0,59615,5000,0.0774,1
612531,64615,45029,0.6969,4,10000,69861,19586,403113,36269,366844,0,0,0,0,0,0,0,0,0,12,0,35000,0,15000,1,0,0,0,0,0,0,0,3,1,0,0,0,14615,50000,0.7738,1
617059,64615,0,0,2,3000,184812,98445,507615,27332,480283,0,0,0,0,0,0,1,0,1,10,1,37500,0,9000,0,0,0,0,0,0,0,0,3,1,0,0,0,18115,46500,0.7196,1
615599,64615,46615,0.7214,1,18000,74872,18000,34452,40887,-6435,0,0,0,0,0,0,0,0,0,12,0,43000,0,0,1,0,0,0,0,0,0,0,3,1,0,0,0,21615,43000,0.6655,1
613469,64615,44615,0.6905,1,20000,16360,20000,392290,78858,313432,0,0,0,0,0,0,0,0,0,11,0,22000,0,0,0,0,0,0,0,0,0,0,4,1,0,0,0,42615,22000,0.3405,1
616841,64615,27719,0.429,2,2000,131127,36896,495650,212668,282982,0,0,0,0,0,1,0,0,1,11,1,20000,7500,5000,0,0,0,0,0,0,0,0,4,1,1,0,1,32115,32500,0.503,0
615369,64615,63685,0.9856,1,5000,44807,5000,193000,171353,21647,0,0,0,0,0,0,0,0,0,12,0,47500,0,0,0,0,0,0,0,0,0,0,3,1,1,1,2,17115,47500,0.7351,1
615122,64615,0,0,1,20950,144000,71523,222948,8876,214072,0,0,0,0,0,0,0,0,0,12,0,35200,0,5000,1,0,0,0,0,0,0,0,4,1,0,0,0,24415,40200,0.6221,1
616694,64615,49615,0.7679,1,15000,22000,15000,410000,20000,390000,0,0,0,0,0,0,0,0,0,11,0,28000,0,0,1,0,0,0,0,0,0,0,5,1,0,0,0,36615,28000,0.4333,1
616604,64615,0,0,1,10000,143889,121493,1298800,46647,1252153,0,0,0,0,0,0,0,0,0,12,0,30000,0,9500,0,0,0,0,0,0,0,0,4,1,1,0,1,25115,39500,0.6113,1
616074,64615,3675,0.0569,1,15000,144428,60940,340450,186474,153976,0,0,0,0,0,0,0,0,0,10,1,32000,0,10000,0,0,0,0,0,0,0,0,5,1,0,0,0,22615,42000,0.65,1
613153,64615,0,0,1,19479,242007,120116,1070380,184394,885986,0,0,0,0,0,0,0,0,0,10,1,20000,0,12000,0,0,0,0,0,0,0,0,4,1,0,0,0,32615,32000,0.4952,1
614443,64615,46615,0.7214,2,18000,79000,18000,230600,175333,55267,0,0,0,0,0,0,0,0,0,10,3,39000,0,0,0,0,0,0,0,0,0,0,3,1,0,0,0,25615,39000,0.6036,1
617897,64615,0,0,4,5000,187103,79453,493367,163461,329906,0,0,0,0,0,0,0,0,0,12,0,52000,0,0,1,0,0,0,0,0,0,0,4,1,1,0,1,12615,52000,0.8048,1
617435,64615,38241,0.5918,1,20000,118644,26374,630185,39246,590939,0,1,0,0,0,0,0,0,1,10,4,0,0,10000,1,0,0,0,0,0,0,0,4,1,1,0,1,54615,10000,0.1548,1
616173,64615,0,0,3,42000,426294,283208,1819540,516655,1302885,0,0,0,0,0,0,0,0,0,12,0,0,0,17500,1,0,0,0,0,0,0,0,4,1,1,0,1,47115,17500,0.2708,1
615432,64615,0,0,1,25000,321467,262675,1840787,106335,1734452,0,0,0,0,0,0,0,0,0,10,3,0,3000,10000,1,0,0,0,0,1,1,0,3,1,1,0,1,51615,13000,0.2012,1
610668,64615,0,0,2,3000,152182,79734,452931,88271,364660,0,0,0,0,0,0,0,0,0,9,6,2600,10000,3000,1,0,0,0,0,0,0,0,3,1,0,0,0,49015,15600,0.2414,0
613770,64615,0,0,1,20000,201584,96504,18140,189000,-170860,0,0,0,0,0,0,0,0,0,11,0,0,0,8000,1,0,0,0,0,0,0,0,3,1,1,0,1,56615,8000,0.1238,1
617459,64615,0,0,2,47180,318180,180844,1708800,650989,1057811,0,0,0,0,0,0,0,0,0,10,3,5000,0,10000,0,0,0,0,0,0,0,0,5,1,1,0,1,49615,15000,0.2321,1
610946,64615,37657,0.5828,1,14000,94777,26958,7054,17997,-10943,0,0,0,0,0,0,0,0,0,12,0,48500,0,0,1,0,0,0,0,0,0,0,4,1,1,0,1,16115,48500,0.7506,1
615618,64615,54615,0.8452,1,10000,66500,10000,621800,200116,421684,0,0,0,0,0,0,0,0,0,11,0,52000,0,0,1,0,0,0,0,0,0,0,4,1,1,0,1,12615,52000,0.8048,1
615609,68685,67309,0.98,2,500,62000,1376,130850,132201,-1351,0,0,0,0,0,0,0,0,0,12,6,27000,34000,0,1,0,0,0,0,0,0,0,5,1,0,0,0,7685,61000,0.8881,1
615601,64615,0,0,2,25000,233399,142179,1479600,491982,987618,0,0,0,0,0,0,0,0,0,12,0,23000,0,0,1,0,0,0,0,0,0,0,3,1,1,0,1,41615,23000,0.356,1
610199,64615,47322,0.7324,1,15000,82418,17293,676437,171575,504862,0,0,0,0,0,0,0,0,0,10,0,9000,15000,10000,1,0,0,0,0,0,0,0,5,1,0,0,0,30615,34000,0.5262,0
616687,64615,35929,0.556,2,5000,106780,28686,458298,126445,331853,0,0,0,0,0,0,0,0,0,12,0,41000,0,14500,1,0,0,0,0,0,0,0,5,1,0,0,0,9115,55500,0.8589,1
611734,64615,0,0,1,30000,180000,70335,312374,219569,92805,0,0,0,0,0,0,0,0,0,10,0,15000,0,0,1,0,0,0,0,0,0,0,3,1,1,0,1,49615,15000,0.2321,1
617366,64615,0,0,4,50000,160834,98621,2192025,1052708,1139317,0,0,0,0,0,0,0,0,0,9,4,0,3000,0,1,0,1,0,0,0,1,0,3,1,1,0,1,61615,3000,0.0464,1
615892,40940,28022,0.6845,1,6000,87646,12918,188200,154200,34000,0,0,0,0,0,0,0,0,0,10,1,23500,0,0,1,0,0,0,0,0,0,0,1,1,0,0,0,17440,23500,0.574,1
615602,64615,37358,0.5782,1,8600,105471,27257,330710,38669,292041,0,0,0,0,0,0,0,0,0,11,0,48700,0,0,1,0,0,0,0,0,0,0,3,1,0,0,0,15915,48700,0.7537,1
616184,64615,0,0,1,30000,268417,214173,1278680,0,1278680,0,0,0,0,0,0,0,0,0,11,0,7000,0,27000,1,0,0,0,0,0,0,0,3,1,1,0,1,30615,34000,0.5262,1
612004,64615,59615,0.9226,1,5000,27245,5000,214525,162165,52360,0,0,0,0,0,0,0,0,0,10,5,52500,0,0,1,0,0,0,0,0,0,0,2,1,0,0,0,12115,52500,0.8125,1
616485,64615,0,0,1,15000,202566,131183,1140000,379600,760400,0,0,0,0,0,0,0,0,0,11,0,30000,0,0,1,0,0,0,0,0,0,0,3,1,0,0,0,34615,30000,0.4643,1
617621,64615,60615,0.9381,1,4000,2576,4000,6500,45000,-38500,0,0,0,0,0,0,0,0,0,10,6,47800,0,0,1,0,0,0,0,0,0,0,2,1,0,0,0,16815,47800,0.7398,1
613937,64615,11393,0.1763,2,5000,137883,53222,382936,328024,54912,0,0,0,0,0,0,0,0,0,11,3,30500,0,0,1,0,0,0,0,0,0,0,2,1,0,0,0,34115,30500,0.472,1
615239,64615,34615,0.5357,2,30000,57859,30000,638000,139200,498800,0,0,0,0,0,0,0,0,0,11,3,17500,0,0,1,0,0,0,0,0,0,0,5,1,1,0,1,47115,17500,0.2708,1
610194,40940,44615,1.0898,1,20000,23000,20000,5100,0,5100,0,0,0,0,0,0,0,0,0,11,0,16000,0,0,0,0,0,0,0,0,0,0,4,1,0,0,0,24940,16000,0.3908,1
616557,40940,30026,0.7334,1,5000,75113,10914,207114,191056,16058,0,0,0,0,0,0,0,0,0,10,3,31400,0,0,0,0,0,0,0,0,0,0,5,1,1,0,1,9540,31400,0.767,1
616883,64615,64515,0.9985,1,100,3918,100,17000,100,16900,0,0,0,0,0,0,0,0,0,12,0,60285,0,0,0,0,0,0,0,0,0,0,5,1,1,0,1,4330,60285,0.933,1
615407,64615,28741,0.4448,2,30000,106537,35874,427822,255919,171903,1,0,0,0,0,0,0,0,1,12,4,32700,0,0,0,0,0,0,0,0,0,0,3,1,0,0,0,31915,32700,0.5061,1
614738,68685,65685,0.9563,1,3000,30355,3000,223163,209407,13756,0,0,0,0,0,0,0,0,0,12,0,45000,10000,0,1,0,1,0,0,0,1,0,4,1,0,0,0,13685,55000,0.8008,1
615492,64615,47383,0.7333,1,5000,68707,17232,505000,279000,226000,0,0,0,0,0,0,0,0,0,12,0,39000,0,10000,1,0,0,0,0,0,0,0,5,1,1,0,1,15615,49000,0.7583,1
617311,68685,58685,0.8544,3,10000,0,10000,995000,9000,986000,0,0,0,0,0,0,0,0,0,12,6,0,10000,15000,1,0,0,0,0,0,0,0,4,1,1,0,1,43685,25000,0.364,0
616362,64615,0,0,1,4000,204540,134543,1123327,266554,856773,0,0,0,0,0,0,0,0,0,9,0,0,10000,20000,0,0,0,0,0,0,0,0,4,1,0,0,0,34615,30000,0.4643,1
611469,68685,0,0,1,30000,407646,237775,1392000,498000,894000,0,0,0,0,0,0,0,0,0,12,0,0,3000,15000,1,0,0,0,0,0,0,0,3,1,0,0,0,50685,18000,0.2621,0
614329,64615,0,0,1,33000,268607,157573,399855,28707,371148,0,0,0,0,0,0,0,0,0,9,4,0,10000,15000,1,0,0,0,0,0,0,0,4,1,1,0,1,39615,25000,0.3869,1
616240,64615,25542,0.3953,2,8500,161000,39073,307400,327179,-19779,0,0,0,0,0,0,0,0,0,10,1,34000,0,12500,0,0,0,0,0,0,0,0,3,1,0,0,0,18115,46500,0.7196,1
617724,64615,28291,0.4378,1,29500,73525,36324,122810,34170,88640,0,0,0,0,0,0,0,0,0,11,1,29000,0,5000,1,0,0,0,0,0,0,0,4,1,0,0,0,30615,34000,0.5262,1
610626,64615,0,0,2,15000,180371,78153,471870,241689,230181,0,0,0,0,0,0,0,0,0,11,0,35000,0,3000,1,0,0,0,0,0,0,0,3,1,1,0,1,26615,38000,0.5881,1
617673,68685,23449,0.3414,1,30300,192204,45236,589336,335000,254336,0,0,0,0,0,0,0,0,0,12,0,32000,0,0,1,0,1,0,0,0,1,0,3,1,0,0,0,36685,32000,0.4659,1
612792,64615,48864,0.7562,3,13000,67779,15751,17680,0,17680,0,0,0,0,0,0,0,0,0,10,0,51615,0,0,0,0,0,0,0,0,0,0,4,1,1,0,1,13000,51615,0.7988,1
614713,64615,41866,0.6479,3,12000,111634,22749,36050,221600,-185550,0,0,0,0,0,0,0,0,0,10,3,25000,0,20000,0,0,0,0,0,0,0,0,5,1,1,0,1,19615,45000,0.6964,1
615386,64615,0,0,2,25000,487159,320853,992086,174173,817913,0,0,0,0,0,0,0,0,0,12,0,17000,0,17500,1,0,0,0,0,0,0,0,5,1,0,0,0,30115,34500,0.5339,1
617709,68685,0,0,1,70615,21472,70615,1603400,14,1603386,0,0,0,0,0,0,0,0,0,12,1,0,3000,1000,1,0,1,0,0,0,1,0,3,1,1,0,1,64685,4000,0.0582,1
615576,68685,67565,0.9837,2,0,58749,1120,663900,4800,659100,0,0,0,0,0,0,0,0,0,12,6,43500,10000,0,1,0,0,0,0,0,0,0,4,1,0,0,0,15185,53500,0.7789,0
617429,64615,35314,0.5465,6,8000,117496,29301,498182,365285,132897,0,0,0,0,0,0,0,0,0,9,5,43615,0,0,1,0,0,0,0,0,0,0,2,1,1,0,1,21000,43615,0.675,1
611541,64615,0,0,1,10000,338645,110833,1196000,519473,676527,0,0,0,0,0,0,0,0,0,9,1,15000,7500,10000,0,0,0,0,0,0,0,0,4,1,0,0,0,32115,32500,0.503,0
610674,64615,22615,0.35,4,42000,71554,42000,2105650,888400,1217250,0,0,0,0,0,0,0,0,0,11,0,0,0,10000,1,0,0,0,0,0,0,0,1,1,1,0,1,54615,10000,0.1548,1
615673,64615,42251,0.6539,1,18000,80166,22364,438815,252715,186100,1,0,0,0,0,0,0,0,1,11,0,38000,0,0,0,0,0,0,0,0,0,0,3,1,1,0,1,26615,38000,0.5881,1
616596,64615,0,0,1,10000,154741,77966,421800,138828,282972,0,0,0,0,0,0,0,0,0,10,0,47185,0,0,1,0,0,0,0,0,0,0,3,1,1,0,1,17430,47185,0.7302,1
617328,64615,37300,0.5773,1,12000,65190,27315,320700,7000,313700,0,0,0,0,0,0,0,0,0,11,4,46000,0,0,1,0,0,0,0,0,0,0,4,1,1,0,1,18615,46000,0.7119,1
615925,64615,0,0,2,13500,205290,110822,167783,498398,-330615,0,0,0,0,0,0,0,0,0,12,0,39500,0,0,1,0,0,0,0,0,0,0,3,1,1,0,1,25115,39500,0.6113,1
611689,64615,36138,0.5593,1,25000,57427,28477,534800,6300,528500,0,1,0,0,0,0,0,0,1,12,0,27000,0,5000,1,0,0,0,0,0,0,0,4,1,1,0,1,32615,32000,0.4952,1
615678,68685,0,0,1,3000,168984,98701,282946,180748,102198,0,0,0,0,0,0,0,0,0,12,0,0,5000,20000,1,0,0,0,0,0,0,0,3,1,0,0,0,43685,25000,0.364,0
617038,64615,18205,0.2817,1,26500,149507,46410,55500,5700,49800,0,0,0,0,0,0,0,0,0,10,1,35000,0,0,1,0,0,0,0,0,0,0,3,1,0,0,0,29615,35000,0.5417,1
616897,40940,0,0,2,2000,152358,58333,371633,308873,62760,0,0,0,0,0,0,0,0,0,10,5,30200,0,0,1,0,0,0,0,0,0,0,4,1,0,0,0,10740,30200,0.7377,1
612566,64615,0,0,1,13000,207563,116577,1028367,141229,887138,0,0,0,0,0,0,0,0,0,11,1,37000,0,3000,1,0,0,0,0,0,0,0,4,1,0,0,0,24615,40000,0.6191,1
617097,64615,49615,0.7679,1,15000,70343,15000,196879,136171,60708,0,0,0,0,0,0,0,0,0,10,0,44200,0,0,0,0,0,0,0,0,0,0,2,1,0,0,0,20415,44200,0.6841,1
617566,64615,0,0,3,2500,196252,118436,2114523,1154657,959866,0,0,0,0,0,0,0,0,0,12,0,22000,0,25000,0,0,0,0,0,0,0,0,3,1,1,0,1,17615,47000,0.7274,1
616188,64615,2418,0.0374,1,20000,83974,62197,730000,11000,719000,0,0,0,0,0,0,0,0,0,10,0,10000,0,12500,0,0,0,0,0,0,0,0,5,1,0,0,0,42115,22500,0.3482,1
615824,68685,0,0,1,40000,676103,458645,3365200,221000,3144200,0,0,0,0,0,0,0,0,0,12,1,0,5000,0,1,0,0,0,0,0,0,0,4,1,1,0,1,63685,5000,0.0728,1
615393,64615,0,0,1,15000,180214,70245,569549,362923,206626,0,0,0,0,0,0,0,0,0,12,3,37000,0,8000,1,0,0,0,0,0,0,0,3,1,0,0,0,19615,45000,0.6964,1
612573,68685,0,0,2,25000,357396,340317,2987000,640148,2346852,0,0,0,0,0,0,0,0,0,12,1,0,7000,0,1,0,1,0,0,0,1,0,4,1,1,0,1,61685,7000,0.1019,1
616046,64615,0,0,2,44000,123292,244441,5561200,80000,5481200,0,0,0,0,0,0,0,0,0,12,0,15000,0,0,1,0,0,0,0,0,0,0,3,1,1,0,1,49615,15000,0.2321,1
616228,68685,0,0,1,0,120620,288030,11677750,4084590,7593160,0,0,0,0,0,0,0,0,0,12,6,0,17000,0,1,0,0,0,0,1,1,0,5,1,0,0,0,51685,17000,0.2475,1
616823,64615,44615,0.6905,2,20000,60000,20000,419540,186609,232931,0,0,0,0,0,0,0,0,0,11,3,28000,0,0,1,0,0,0,0,0,0,0,2,1,1,0,1,36615,28000,0.4333,1
615706,68685,67693,0.9856,3,0,98127,992,20750,142053,-121303,0,0,0,0,0,0,0,0,0,12,6,49000,10000,0,1,0,0,0,0,0,0,0,5,1,0,0,0,9685,59000,0.859,1
617861,64615,41412,0.6409,3,17000,228239,23203,178932,27650,151282,0,0,0,0,0,0,0,0,0,12,0,37000,0,0,0,0,0,0,0,0,0,0,5,1,1,0,1,27615,37000,0.5726,1
616410,64615,0,0,1,27000,232000,91592,373250,250592,122658,0,0,0,0,0,0,0,0,0,10,0,36000,0,0,1,0,0,0,0,0,0,0,2,1,1,0,1,28615,36000,0.5571,1
616378,64615,64015,0.9907,2,600,20496,600,89734,37814,51920,0,0,0,0,0,0,0,0,0,12,1,52500,0,5000,0,0,0,0,0,0,0,0,4,1,0,0,0,7115,57500,0.8899,1
618814,64615,32464,0.5024,2,12000,147290,32151,1062410,232581,829829,0,0,0,0,0,0,0,0,0,10,6,22000,10000,0,1,0,0,0,0,0,0,0,4,1,1,0,1,32615,32000,0.4952,1
619676,64615,0,0,3,50000,452742,246164,773195,167997,605198,0,0,0,0,0,0,0,0,0,10,4,0,0,5000,1,0,0,0,0,0,0,0,3,1,1,0,1,59615,5000,0.0774,1
618039,64615,40407,0.6254,1,12400,109816,24208,144008,47707,96301,0,0,0,0,0,0,0,0,0,12,1,42500,0,0,0,0,0,0,0,0,0,0,3,1,1,0,1,22115,42500,0.6577,1
618203,64615,62712,0.9705,2,1000,55488,1903,155,16400,-16245,0,0,0,0,0,0,0,0,0,11,0,55000,0,0,0,0,0,0,0,0,0,0,3,1,0,0,0,9615,55000,0.8512,1
619614,64615,46112,0.7136,4,2340,125870,18503,422000,308000,114000,0,0,0,0,0,0,0,0,0,9,1,40000,10000,0,0,0,1,0,0,0,1,0,4,1,0,0,0,14615,50000,0.7738,1
621881,68685,25880,0.3768,1,1800,106294,42805,555916,231000,324916,0,0,0,0,0,0,0,0,0,13,0,40000,10000,0,1,0,0,0,0,0,0,0,4,1,1,0,1,18685,50000,0.728,0
621908,68685,0,0,1,8000,431212,224212,2879701,644267,2235434,0,0,0,0,0,0,0,0,0,13,0,7000,10000,15000,0,0,0,0,0,0,0,0,4,1,1,0,1,36685,32000,0.4659,0
620237,68685,66685,0.9709,1,2000,57934,2000,254500,0,254500,0,0,0,0,0,0,0,0,0,12,0,45000,15000,0,0,0,0,0,0,0,0,0,5,1,1,0,1,8685,60000,0.8736,1
620341,64615,9559,0.1479,2,20000,106756,55056,921439,268734,652705,1,1,0,0,0,0,0,0,2,11,1,0,0,10000,0,0,0,0,0,0,0,0,1,1,1,0,1,54615,10000,0.1548,1
621838,64615,0,0,2,10000,305000,273454,5482000,1236000,4246000,0,0,0,0,0,0,0,0,0,12,4,0,0,7000,1,0,0,0,0,0,0,0,4,1,0,0,0,57615,7000,0.1083,1
621444,68685,16558,0.2411,1,2500,107232,52127,570568,119052,451516,0,0,0,0,0,0,0,0,0,12,1,25000,5000,5000,1,0,0,0,0,0,0,0,4,1,1,0,1,33685,35000,0.5096,0
620036,64615,0,0,2,40000,690589,418781,2858100,1141062,1717038,0,0,0,0,0,0,0,0,0,11,1,0,0,5000,1,0,0,0,0,0,0,0,3,1,1,0,1,59615,5000,0.0774,1
620147,64615,0,0,1,15000,317844,218318,691000,53000,638000,0,0,0,0,0,0,0,0,0,10,0,0,7000,5000,0,0,0,0,0,0,0,0,4,1,1,0,1,52615,12000,0.1857,0
621474,64615,0,0,1,40000,285644,139696,988800,209795,779005,0,0,0,0,0,0,0,0,0,12,1,0,0,10000,1,0,0,0,0,0,0,0,5,1,1,0,1,54615,10000,0.1548,1
621074,64615,63615,0.9845,2,1000,19626,1000,601337,524975,76362,1,0,0,0,0,0,0,0,1,11,0,47000,0,5000,1,0,0,0,0,0,0,0,2,1,1,0,1,12615,52000,0.8048,1
624784,64615,34615,0.5357,1,30000,32600,30000,211000,0,211000,0,0,0,0,0,0,0,0,0,11,0,15000,0,0,0,0,0,0,0,0,0,0,5,1,1,0,1,49615,15000,0.2321,1
618593,64615,0,0,1,30000,567279,360872,539700,214820,324880,0,0,0,0,0,0,0,0,0,12,1,0,0,22500,0,0,0,0,0,0,0,0,5,1,1,1,2,42115,22500,0.3482,1
618471,64615,0,0,3,20000,192208,104929,446786,0,446786,0,0,0,0,0,0,0,0,0,11,4,0,5000,10000,1,0,1,0,0,0,1,0,3,1,0,0,0,49615,15000,0.2321,1
618416,68685,67785,0.9869,5,900,71045,900,309200,137735,171465,0,0,0,0,0,0,0,0,0,12,3,61000,0,0,0,0,1,0,0,0,1,0,5,1,0,0,0,7685,61000,0.8881,1
622143,64615,64615,1,1,0,43100,0,211000,69700,141300,0,0,0,0,0,0,0,0,0,12,0,56000,0,0,1,0,0,0,0,0,0,0,5,1,1,0,1,8615,56000,0.8667,1
621228,68685,0,0,1,12000,318209,201115,2690750,547908,2142842,0,0,0,0,0,0,0,0,0,12,0,13500,10000,25000,1,0,0,0,0,0,0,0,4,1,1,1,2,20185,48500,0.7061,1
619666,64615,0,0,2,20000,255422,177005,2032458,637512,1394946,0,0,0,0,0,0,0,0,0,11,0,12000,0,0,0,0,0,0,0,0,0,0,4,1,1,0,1,52615,12000,0.1857,1
618162,64615,53253,0.8242,1,10000,56170,11362,82723,209553,-126830,0,0,0,0,0,0,0,0,0,11,1,47500,0,0,1,0,0,0,0,0,0,0,4,1,0,0,0,17115,47500,0.7351,1
619020,64615,0,0,4,20000,173000,115037,458000,6000,452000,0,0,0,0,0,0,0,0,0,10,7,0,5000,20000,1,0,0,0,0,0,0,0,3,1,0,0,0,39615,25000,0.3869,1
621916,64615,38536,0.5964,1,19000,99000,26079,1068500,291654,776846,0,0,0,0,0,0,0,0,0,12,0,33000,0,0,1,0,0,0,0,0,0,0,4,1,0,0,0,31615,33000,0.5107,1
620734,64615,30011,0.4645,4,8500,126643,34604,679184,559984,119200,0,0,0,0,0,0,0,0,0,12,3,51000,0,0,1,0,0,0,0,0,0,0,5,1,1,1,2,13615,51000,0.7893,1
618566,64615,29487,0.4563,2,25000,131685,35128,331000,283000,48000,0,0,0,0,0,0,0,0,0,12,1,35000,0,0,1,0,0,0,0,0,0,0,4,1,0,0,0,29615,35000,0.5417,1
620455,64615,64685,1.0011,1,4000,12400,4000,647729,390800,256929,0,0,0,0,0,0,0,0,0,12,7,47000,0,0,1,0,0,0,0,0,0,0,3,1,0,0,0,17615,47000,0.7274,1
618591,64615,54615,0.8452,2,10000,76546,10000,508600,205172,303428,0,0,0,0,0,0,0,0,0,12,1,42500,0,0,1,0,0,0,0,0,0,0,4,1,0,0,0,22115,42500,0.6577,1
620294,64615,52851,0.8179,3,0,52777,11764,22200,0,22200,0,0,0,0,0,0,0,0,0,9,6,34500,10000,0,1,0,0,0,0,0,0,0,4,1,0,0,0,20115,44500,0.6887,0
622095,64615,0,0,3,25000,360000,171417,1544000,974600,569400,0,0,0,0,0,0,0,0,0,10,0,0,0,15000,0,0,0,0,0,0,0,0,5,1,1,0,1,49615,15000,0.2321,1
620589,64615,0,0,2,6000,344118,160123,1080426,311319,769107,0,0,0,0,0,0,0,0,0,12,4,29000,0,0,0,0,0,0,0,0,0,0,2,1,0,0,0,35615,29000,0.4488,1
620193,64615,55615,0.8607,3,9000,74240,9000,445500,624550,-179050,0,0,0,0,0,0,0,0,0,11,3,44080,0,0,1,0,0,0,0,0,0,0,2,1,0,0,0,20535,44080,0.6822,1
619768,64615,0,0,2,10000,195000,98135,3000,89670,-86670,0,0,0,0,0,0,0,0,0,10,6,7000,10000,15000,1,0,0,0,0,0,0,0,3,1,0,0,0,32615,32000,0.4952,1
618776,68685,65685,0.9563,1,3000,48311,3000,122668,98100,24568,0,0,0,0,0,0,0,0,0,12,1,58685,0,0,0,0,0,0,0,0,0,0,2,1,0,0,0,10000,58685,0.8544,0
620532,40940,30940,0.7557,4,10000,87739,10000,564789,312667,252122,0,0,0,0,0,0,0,0,0,12,3,24580,0,0,1,0,0,0,0,0,0,0,4,1,0,0,0,16360,24580,0.6004,1
618832,64615,0,0,1,10000,165000,69009,1355500,364000,991500,0,0,0,0,0,0,0,0,0,11,0,10000,0,40000,1,0,0,0,0,0,0,0,3,1,1,0,1,14615,50000,0.7738,1
619620,68685,0,0,1,15000,498097,412661,2429119,205278,2223841,0,0,0,0,0,0,0,0,0,12,0,0,10000,1000,0,0,0,0,0,0,0,0,4,1,1,0,1,57685,11000,0.1602,1
619410,64615,34615,0.5357,1,30000,98867,30000,1158000,1191045,-33045,0,0,0,0,0,0,0,0,0,11,4,30000,0,0,1,0,0,0,0,0,0,0,3,1,1,0,1,34615,30000,0.4643,1
619981,64615,0,0,1,50000,262188,256486,4319357,210481,4108876,0,0,0,0,0,0,0,0,0,12,0,0,0,15000,0,0,0,0,0,0,0,0,4,1,1,0,1,49615,15000,0.2321,1
618680,64615,0,0,1,35000,454431,289512,939000,687500,251500,0,0,0,0,0,0,0,0,0,12,0,0,0,15000,0,0,0,0,0,0,0,0,4,1,1,0,1,49615,15000,0.2321,1
622761,64615,0,0,2,30100,577188,290833,2134902,461791,1673111,0,0,0,0,1,0,0,0,1,12,0,8000,0,25000,1,0,0,0,0,0,0,0,3,1,1,0,1,31615,33000,0.5107,1
623989,64615,0,0,3,27000,783762,640405,21126,43900,-22774,0,0,0,0,0,0,0,0,0,11,0,0,0,9500,0,0,0,0,0,0,0,0,4,1,1,0,1,55115,9500,0.147,1
621432,64615,0,0,3,25000,212261,231555,2954600,0,2954600,0,0,0,0,0,0,0,0,0,12,0,7500,0,5000,0,0,0,0,0,0,0,0,3,1,0,0,0,52115,12500,0.1935,1
621076,40940,0,0,2,12000,594304,326785,736000,669962,66038,0,0,0,0,0,0,0,0,0,10,3,5000,0,3000,1,0,0,0,0,0,0,0,4,1,0,0,0,32940,8000,0.1954,1
621466,64615,64615,1,2,0,18080,0,553000,30000,523000,0,0,0,0,0,0,0,0,0,10,0,38000,15000,0,0,0,0,0,0,0,0,0,5,1,1,0,1,11615,53000,0.8202,1
619593,64615,52615,0.8143,2,12000,55000,12000,1340000,905284,434716,0,0,0,0,0,0,0,0,0,9,1,35000,3000,0,1,0,0,0,0,0,0,0,3,1,0,0,0,26615,38000,0.5881,0
618657,64615,0,0,3,20000,197028,111133,1797000,637951,1159049,0,0,0,0,0,0,0,0,0,12,0,22500,0,17000,1,0,0,0,0,0,0,0,4,1,1,1,2,25115,39500,0.6113,1
618213,68685,56685,0.8253,2,12000,62000,12000,22579,27550,-4971,0,0,0,0,0,0,0,0,0,12,0,46685,10000,1500,0,0,0,0,0,0,0,0,4,1,1,0,1,10500,58185,0.8471,0
618550,64615,61615,0.9536,1,3000,49700,3000,238500,234665,3835,0,0,0,0,0,0,0,0,0,12,0,47500,0,0,0,0,0,0,0,0,0,0,5,1,0,1,1,17115,47500,0.7351,1
618188,64615,0,0,1,45000,471120,260884,1674485,327761,1346724,0,0,0,0,0,0,0,0,0,12,0,0,0,10000,1,0,0,0,0,0,0,0,4,1,1,0,1,54615,10000,0.1548,1
621315,64615,0,0,1,40000,168658,135705,1477002,299065,1177937,0,0,0,0,0,0,0,0,0,10,3,0,3000,10000,1,0,0,0,0,0,0,0,2,1,0,0,0,51615,13000,0.2012,0
618023,64615,0,0,2,25000,163389,124971,1497200,223200,1274000,0,0,0,0,0,0,0,0,0,12,0,18000,0,15000,0,0,0,0,0,0,0,0,4,1,1,0,1,31615,33000,0.5107,1
621145,40940,7235,0.1767,4,3000,52721,3000,3300,133400,-130100,0,0,0,0,0,0,0,0,0,12,6,3000,0,0,0,0,0,0,0,0,0,0,4,1,1,1,2,37940,3000,0.0733,1
619008,64615,49615,0.7679,1,15000,103800,15000,365400,153000,212400,0,0,0,0,0,0,0,0,0,12,1,37000,0,0,1,0,0,0,0,0,0,0,3,1,0,0,0,27615,37000,0.5726,1
624593,68685,0,0,2,40000,226500,158676,2175900,536462,1639438,0,0,0,0,0,0,0,0,0,12,0,0,5000,18000,1,0,0,0,0,1,1,0,2.5,1,1,0,1,45685,23000,0.3349,1
619748,40940,20816,0.5085,1,3000,133528,43799,551172,179496,371676,0,0,0,0,0,0,0,0,0,11,1,0,15000,5000,1,0,1,0,0,0,1,0,5,1,1,0,1,20940,20000,0.4885,1
619282,64615,0,0,2,10000,513642,390136,1235000,289289,945711,0,0,0,0,0,0,0,0,0,12,3,0,0,25000,1,0,0,0,0,0,0,0,2,1,1,0,1,39615,25000,0.3869,1
621137,64615,0,0,4,20000,290200,86846,1398300,1190250,208050,0,0,0,0,0,0,0,0,0,11,0,13000,0,20000,0,0,0,0,0,0,0,0,5,1,1,0,1,31615,33000,0.5107,1
619640,64615,68685,1.063,3,0,19256,0,15500,0,15500,0,0,0,0,0,0,0,0,0,12,0,45615,0,19000,0,0,0,0,0,0,0,0,4,1,1,0,1,0,64615,1,1
618576,64615,0,0,2,15000,196217,106882,36700,61800,-25100,0,0,0,0,0,0,0,0,0,11,1,40000,0,0,1,0,0,0,0,0,0,0,5,1,0,0,0,24615,40000,0.6191,1
622311,64615,42281,0.6544,2,1000,69705,22334,14100,13783,317,0,0,0,0,0,0,0,0,0,11,0,41000,3000,0,0,0,0,0,0,0,0,0,3,1,0,0,0,20615,44000,0.681,0
621199,64615,0,0,2,0,200500,70438,727800,213400,514400,1,1,0,0,0,0,0,0,2,9,6,0,10000,0,1,0,0,0,0,0,0,0,3,1,0,0,0,54615,10000,0.1548,0
618450,68685,0,0,4,6000,197597,98440,884451,238996,645455,0,0,0,0,0,0,0,0,0,12,6,0,10000,0,1,0,0,0,0,0,0,0,4,1,0,0,0,58685,10000,0.1456,0
621508,64615,10580,0.1637,3,8000,155934,54035,467745,406500,61245,0,0,0,0,0,0,0,0,0,9,5,9000,5000,15000,1,0,0,0,0,0,0,0,3,1,0,0,0,35615,29000,0.4488,0
620533,64615,61065,0.9451,3,3550,50594,3550,522536,281539,240997,0,0,0,0,0,0,0,0,0,9,1,47000,5000,0,1,0,0,0,0,0,0,0,4,1,0,0,0,12615,52000,0.8048,0
622252,64615,64615,1,1,0,63000,0,175500,232000,-56500,0,0,0,1,0,0,0,0,1,11,3,30000,0,0,1,0,0,0,0,0,0,0,2,1,1,0,1,34615,30000,0.4643,1
624643,64615,6708,0.1038,1,10000,108920,57907,240000,167000,73000,0,0,0,0,0,0,0,0,0,11,1,6000,3000,25000,1,0,0,0,0,0,0,0,3,1,0,0,0,30615,34000,0.5262,1
621991,68685,0,0,2,10000,130902,74666,949291,70213,879078,0,0,0,0,0,0,0,0,0,12,1,28000,0,5000,0,0,0,0,0,1,1,0,2,1,0,0,0,35685,33000,0.4805,1
621316,64615,0,0,1,20000,215360,130055,1958900,467955,1490945,0,0,0,0,0,0,0,0,0,11,1,0,15000,15000,0,0,1,0,0,0,1,0,5,1,1,0,1,34615,30000,0.4643,1
618347,68685,61583,0.8966,3,2400,88448,7102,200030,163500,36530,0,0,0,0,0,0,0,0,0,12,1,38000,15000,0,0,0,0,0,0,0,0,0,5,1,0,0,0,15685,53000,0.7716,0
620340,64615,38588,0.5972,2,15000,66000,26027,132000,0,132000,0,0,0,0,0,0,0,0,0,11,6,45000,0,0,1,0,0,0,0,0,0,0,4,1,0,0,0,19615,45000,0.6964,1
621280,64615,64515,0.9985,3,100,31972,100,368500,371000,-2500,0,0,0,0,0,0,0,0,0,12,0,52000,0,5000,0,0,0,0,0,0,0,0,4,1,0,0,0,7615,57000,0.8821,1
620443,64615,42043,0.6507,4,10000,81000,26642,1250800,482000,768800,0,0,0,0,0,0,0,0,0,12,0,52500,0,0,0,0,0,0,0,0,0,0,4,1,1,0,1,12115,52500,0.8125,1
622187,64615,0,0,2,50000,616500,333856,2109000,0,2109000,0,0,0,0,0,0,0,0,0,9,3,0,3000,2000,1,0,0,0,0,0,0,0,3,1,0,0,0,59615,5000,0.0774,1
623059,64615,0,0,3,25000,373774,204870,1369000,207000,1162000,0,0,0,0,0,0,0,0,0,11,0,0,0,19000,0,0,1,0,0,0,1,0,1,1,1,0,1,45615,19000,0.294,1
623844,68685,63685,0.9272,2,5000,55434,5000,474535,94740,379795,0,0,0,0,0,0,0,0,0,12,6,49000,10000,0,1,0,0,0,0,0,0,0,3,1,0,0,0,9685,59000,0.859,1
618205,64615,0,0,2,33000,349894,228920,2522306,1480985,1041321,0,0,0,0,0,0,0,0,0,10,0,17000,0,10000,0,0,0,0,0,0,0,0,1,1,1,0,1,37615,27000,0.4179,1
622025,64615,42356,0.6555,3,12000,143000,22259,10000,122000,-112000,0,0,0,0,0,0,0,0,0,10,3,48000,0,0,1,0,0,0,0,0,0,0,3,1,0,0,0,16615,48000,0.7429,1
621334,68685,41219,0.6001,2,20000,114021,27466,37000,11000,26000,0,0,0,0,0,0,0,0,0,12,3,41000,0,0,1,0,0,0,0,0,0,0,2,1,0,0,0,27685,41000,0.5969,1
621002,68685,0,0,2,2000,1630000,1506964,13209000,2000,13207000,0,0,0,0,0,0,0,0,0,13,1,0,5000,0,1,0,0,0,0,0,0,0,4,1,0,0,0,63685,5000,0.0728,0
618005,64615,0,0,3,5000,243000,131827,1551000,225000,1326000,0,0,0,0,0,0,0,0,0,9,3,0,4000,20000,1,0,0,0,0,0,0,0,3,1,1,0,1,40615,24000,0.3714,0
621036,64615,36962,0.572,1,15000,183358,27653,445036,281051,163985,0,0,0,0,0,0,0,0,0,10,0,30000,5000,0,1,0,0,0,0,0,0,0,3,1,0,0,0,29615,35000,0.5417,0
656970,68685,11882,0.173,3,12000,142860,56803,901146,503672,397474,0,0,0,0,0,0,0,0,0,12,0,29685,10000,8000,0,0,0,0,0,0,0,0,4,1,1,0,1,21000,47685,0.6943,1
654472,64615,0,0,2,12000,274246,201778,59000,113000,-54000,0,0,0,0,0,0,0,0,0,10,0,0,15000,6615,0,0,0,0,0,0,0,0,5,1,0,0,0,43000,21615,0.3345,0
656932,68685,66185,0.9636,3,2500,76921,2500,229150,166300,62850,0,0,0,0,0,0,0,0,0,12,0,42185,7000,7000,0,0,0,0,0,0,0,0,3,1,1,0,1,12500,56185,0.818,1
656609,68685,67685,0.9854,2,1000,65655,1000,182937,182783,154,0,0,0,0,0,0,0,0,0,12,0,49685,7000,0,0,0,0,0,0,1,1,0,3,1,1,0,1,12000,56685,0.8253,1
648331,68685,0,0,2,20000,208672,76238,1917000,1051135,865865,0,0,0,0,0,0,0,0,0,12,1,0,15000,16185,1,0,0,0,0,0,0,0,4,1,1,0,1,37500,31185,0.454,1
643938,64615,64615,1,1,0,24398,0,332200,106,332094,0,0,0,0,0,0,0,0,0,11,0,47000,5000,0,1,0,0,0,0,0,0,0,3,1,0,0,0,12615,52000,0.8048,1
656017,68685,24934,0.363,2,3600,114261,43751,38500,175000,-136500,0,0,0,0,0,0,0,0,0,12,4,15000,10000,0,1,0,0,0,0,0,0,0,4,1,0,0,0,43685,25000,0.364,0
654193,64615,35010,0.5418,5,5500,187955,29605,511295,272276,239019,0,0,0,0,0,0,0,0,0,11,0,15000,10000,5000,0,0,1,0,0,0,1,0,4,1,0,0,0,34615,30000,0.4643,1
656046,64615,0,0,2,10000,227737,124056,1033500,146000,887500,0,0,0,0,0,0,0,0,0,11,0,10615,15000,11500,0,0,0,0,0,0,0,0,5,1,1,0,1,27500,37115,0.5744,1
653954,68685,0,0,1,30000,161807,89268,1735000,655000,1080000,0,0,0,0,0,0,0,0,0,12,0,0,15000,12000,1,0,1,0,0,0,1,0,5,1,1,0,1,41685,27000,0.3931,1
647825,64615,39418,0.61,1,4000,139673,25197,954435,365172,589263,0,0,0,0,0,0,0,0,0,10,0,25000,7000,0,1,0,1,0,0,0,1,0,4,1,0,0,0,32615,32000,0.4952,1
656558,64615,0,0,1,45000,396939,250482,2477698,130695,2347003,0,0,0,0,0,0,0,0,0,11,4,0,0,10000,1,0,0,0,1,1,2,0,2,1,1,0,1,54615,10000,0.1548,1
634111,64615,0,0,1,50000,363806,196215,1642600,400375,1242225,0,0,0,0,0,0,0,0,0,11,4,0,5000,5000,1,0,1,0,0,1,2,0,3,1,1,0,1,54615,10000,0.1548,1
655779,68685,0,0,2,5000,220429,109245,1062472,800864,261608,0,0,0,0,0,0,0,0,0,12,0,40685,10000,8000,0,0,0,0,0,0,0,0,4,1,1,0,1,10000,58685,0.8544,1
646683,68685,67685,0.9854,1,1000,24363,1000,68345,117918,-49573,0,0,0,0,0,0,0,0,0,12,0,43685,15000,0,0,0,0,0,0,0,0,0,5,1,1,0,1,10000,58685,0.8544,0
648089,64615,63415,0.9814,4,1200,41533,1200,113227,59028,54199,0,0,0,0,0,0,0,0,0,9,0,49000,5000,0,0,0,1,0,0,0,1,0,3,1,0,0,0,10615,54000,0.8357,1
648186,64615,55215,0.8545,1,9400,45358,9400,345590,164500,181090,0,0,0,0,0,0,0,0,0,9,3,41000,0,0,1,0,0,0,0,0,0,0,1,1,1,0,1,23615,41000,0.6345,0
656396,64615,0,0,1,12500,199697,112627,1291009,330000,961009,0,0,0,0,0,0,0,0,0,10,3,20615,10000,5000,1,0,0,0,0,0,0,0,4,1,1,0,1,29000,35615,0.5512,0
647352,64615,44615,0.6905,1,20000,49200,20000,312000,104400,207600,0,0,0,0,0,0,0,0,0,11,0,15000,0,0,1,0,0,0,0,0,0,0,4,1,0,0,0,49615,15000,0.2321,1
646848,68685,21387,0.3114,2,0,128876,47298,494251,219852,274399,0,0,0,0,0,0,0,0,0,12,0,43000,10000,0,0,0,0,0,0,0,0,0,4,1,0,0,0,15685,53000,0.7716,1
644544,68685,0,0,1,25000,318917,199508,1442419,412611,1029808,0,0,0,0,0,0,0,0,0,12,3,0,15000,0,1,0,0,0,0,0,0,0,5,1,0,0,0,53685,15000,0.2184,1
647833,64615,36033,0.5577,4,5000,112926,28582,318050,293500,24550,0,0,0,0,0,0,0,0,0,9,6,46000,0,0,1,0,1,0,0,0,1,0,2,1,0,0,0,18615,46000,0.7119,1
641974,68685,0,0,1,15000,544635,433930,2549725,123452,2426273,0,0,0,0,0,0,0,0,0,12,3,0,15000,10000,1,0,0,0,0,0,0,0,5,1,0,0,0,43685,25000,0.364,0
645107,64615,58815,0.9102,1,5800,77818,5800,310481,215116,95365,0,0,0,0,0,0,0,0,0,11,3,53000,0,0,1,0,1,0,0,1,2,0,2,1,0,0,0,11615,53000,0.8202,1
655780,68685,18000,0.2621,1,0,178604,50685,739050,384338,354712,0,0,0,0,0,0,0,0,0,12,0,39685,10000,7000,1,0,0,0,0,0,0,0,4,1,1,0,1,12000,56685,0.8253,1
646739,64615,64615,1,4,0,23774,0,71033,40000,31033,0,0,0,0,0,0,0,0,0,11,5,42615,10000,0,1,0,0,0,0,0,0,0,4,1,0,0,0,12000,52615,0.8143,1
646611,64615,0,0,3,4000,183207,66326,1087787,349117,738670,1,1,0,0,1,1,0,0,4,9,0,0,15000,28615,0,0,0,0,0,0,0,0,5,1,1,0,1,21000,43615,0.675,0
656930,68685,0,0,1,6815,127639,94799,2170478,497407,1673071,0,0,0,0,0,0,0,0,0,12,0,0,15000,27000,1,0,0,0,0,0,0,0,5,1,1,0,1,26685,42000,0.6115,1
628185,64615,57630,0.8919,2,3000,143872,6985,526500,537500,-11000,0,0,0,0,0,0,0,0,0,11,1,6000,10000,36200,0,0,1,0,0,0,1,0,4,1,0,0,0,12415,52200,0.8079,1
625014,64615,0,0,3,10000,299174,117543,577533,217740,359793,0,0,0,0,0,0,0,0,0,11,0,0,10000,25000,1,0,0,0,0,0,0,0,4,1,0,0,0,29615,35000,0.5417,0
646612,68685,68685,1,1,0,15537,0,2500,300,2200,0,0,0,0,0,0,0,0,0,12,0,46685,10000,6000,0,0,0,0,0,0,0,0,4,1,1,0,1,6000,62685,0.9126,0
656979,64615,10492,0.1624,1,0,84096,58193,1278672,0,1278672,0,0,0,0,0,0,0,0,0,11,6,34000,10000,5615,1,0,1,0,0,0,1,0,4,1,1,0,1,15000,49615,0.7679,1
627003,64615,49615,0.7679,1,15000,14333,15000,134000,16400,117600,0,0,0,0,0,0,0,0,0,10,0,15000,0,10000,1,0,0,0,0,0,0,0,4,1,1,0,1,39615,25000,0.3869,1
656473,68685,45597,0.6639,2,500,74287,23088,600,11000,-10400,0,0,0,0,0,0,0,0,0,12,1,44000,10000,0,0,0,0,0,0,0,0,0,4,1,1,0,1,14685,54000,0.7862,1
655873,64615,30812,0.4769,3,7500,148377,33803,647743,438087,209656,0,0,0,0,0,0,0,0,0,10,0,30000,0,0,0,0,0,0,1,0,1,0,2,1,1,0,1,34615,30000,0.4643,1
653686,64615,0,0,2,40000,542761,338915,2150498,1046044,1104454,0,0,0,0,0,0,0,0,0,11,1,0,10000,5000,0,0,0,0,0,0,0,0,4,1,1,0,1,49615,15000,0.2321,1
647837,68685,54685,0.7962,1,14000,76045,14000,7000,220005,-213005,0,0,0,0,0,0,0,0,0,13,0,35000,7000,0,0,0,1,0,0,1,2,0,4,1,1,0,1,26685,42000,0.6115,1
655915,64615,0,0,1,30000,641868,373944,1711000,556000,1155000,0,0,0,0,0,0,0,0,0,11,1,0,10000,10000,0,0,0,0,0,0,0,0,4,1,1,0,1,44615,20000,0.3095,1
642602,68685,0,0,2,10000,194915,91311,459000,170606,288394,0,0,0,0,0,1,0,0,1,12,0,0,0,8000,1,0,0,0,0,0,0,0,4,1,1,0,1,60685,8000,0.1165,1
654691,64615,41099,0.6361,3,10000,124586,23516,549215,248545,300670,0,0,0,0,0,0,0,0,0,11,0,39615,5000,10000,1,0,0,0,0,0,0,0,3,1,1,0,1,10000,54615,0.8452,1
654722,68685,0,0,1,16000,231639,146708,2225094,343912,1881182,0,0,0,0,0,0,0,0,0,12,0,8000,10000,10000,1,0,0,0,0,0,0,0,4,1,1,0,1,40685,28000,0.4077,0
656002,68685,0,0,3,68000,787951,1052493,13238024,1687644,11550380,0,0,0,0,0,0,0,0,0,12,4,0,3000,0,0,0,0,0,0,0,0,0,3,1,1,0,1,65685,3000,0.0437,1
656312,68685,0,0,1,12000,214360,144876,2364500,802205,1562295,0,0,0,0,0,0,0,0,0,12,0,0,7000,36685,1,0,0,0,0,0,0,0,3,1,1,0,1,25000,43685,0.636,1
645800,64615,55615,0.8607,1,9000,37137,9000,314400,207761,106639,0,0,0,0,0,0,0,0,0,11,0,49615,0,0,0,0,0,0,0,0,0,0,3,1,0,0,0,15000,49615,0.7679,1
656636,68685,6404,0.0932,2,10000,129758,62281,904095,101806,802289,0,0,0,0,0,0,0,0,0,12,0,28685,10000,0,1,0,0,0,0,0,0,0,4,1,1,0,1,30000,38685,0.5632,1
645461,68685,41610,0.6058,1,12000,157099,27075,235340,177800,57540,0,0,0,0,0,0,0,0,0,12,0,20500,5000,25000,0,0,0,0,0,0,0,0,3,1,0,0,0,18185,50500,0.7352,0
647492,64615,55479,0.8586,3,9000,65729,9136,93463,3000,90463,0,0,0,0,0,0,0,0,0,9,0,51000,0,0,0,0,0,0,0,0,0,0,2,1,0,0,0,13615,51000,0.7893,1
656945,64615,64615,1,1,0,32608,0,362000,191000,171000,0,0,0,0,0,0,0,0,0,11,0,50615,10000,0,1,0,0,0,0,0,0,0,4,1,1,0,1,4000,60615,0.9381,1
656719,40940,0,0,3,25000,266333,120849,277000,724000,-447000,0,0,0,0,0,0,0,0,0,11,3,0,0,6000,1,0,1,0,0,0,1,0,2,1,1,0,1,34940,6000,0.1466,1
656547,64615,64615,1,4,0,36527,0,460200,182968,277232,0,0,0,0,0,0,0,0,0,11,0,47115,7000,3000,1,0,0,0,0,0,0,0,3,1,1,0,1,7500,57115,0.8839,0
656353,43725,5545,0.1268,1,10000,160000,38180,773500,734857,38643,0,0,0,0,0,0,0,0,0,12,4,13725,2500,5000,1,0,0,0,0,0,0,0,2,1,1,0,1,22500,21225,0.4854,1
649627,64615,0,0,1,10000,402720,267674,2667000,439473,2227527,0,0,0,0,0,0,0,0,0,11,0,0,15000,5000,1,0,0,0,0,0,0,0,5,1,1,0,1,44615,20000,0.3095,0
647712,64615,0,0,2,15000,91060,88292,2017200,207722,1809478,0,0,0,0,0,0,0,0,0,10,0,10000,15000,10000,0,0,1,0,0,0,1,0,5,1,0,0,0,29615,35000,0.5417,1
646774,43725,10137,0.2318,3,12000,99692,33588,222698,124175,98523,0,0,0,0,0,0,0,0,0,12,0,15000,0,6300,0,0,1,0,0,0,1,0,2,1,0,0,0,22425,21300,0.4871,1
647133,40940,0,0,1,12000,293310,121627,752500,517893,234607,0,0,0,0,0,0,0,0,0,11,0,0,10000,0,1,0,0,0,0,1,1,0,4,1,0,0,0,30940,10000,0.2443,1
643060,64615,0,0,2,17000,169097,168036,2518428,6254,2512174,0,0,0,0,0,0,0,0,0,9,3,0,15000,19615,0,0,0,0,0,0,0,0,5,1,0,0,0,30000,34615,0.5357,1
651009,43725,43725,1,1,0,50628,0,33589,24845,8744,0,0,0,0,0,0,0,0,0,12,5,21725,10000,0,1,0,1,0,0,0,1,0,4,1,0,0,0,12000,31725,0.7256,1
634323,64615,59615,0.9226,2,5000,6000,5000,6500,1000,5500,0,0,0,0,0,0,0,0,0,9,1,52000,0,3000,0,0,1,0,0,0,1,0,3,1,0,0,0,9615,55000,0.8512,1
649572,68685,27128,0.395,1,12000,150068,41557,442400,399345,43055,1,0,0,0,0,0,0,0,1,12,0,7000,15000,0,1,0,0,0,0,0,0,0,5,1,0,0,0,46685,22000,0.3203,1
656552,68685,0,0,2,13500,176841,81568,453152,133941,319211,0,0,0,0,0,0,0,0,0,12,3,23685,15000,10000,0,0,0,0,0,0,0,0,5,1,0,0,0,20000,48685,0.7088,0
645581,40940,0,0,2,10000,224524,117328,1154739,528641,626098,0,0,0,0,0,0,0,0,0,9,0,0,10000,15440,1,0,0,0,0,0,0,0,4,1,0,0,0,15500,25440,0.6214,1
651737,64615,23055,0.3568,1,20000,156736,41560,695906,602145,93761,0,0,0,0,0,0,0,0,0,10,1,27000,7000,0,1,0,1,0,0,0,1,0,4,1,0,0,0,30615,34000,0.5262,1
655700,68685,67685,0.9854,1,1000,68900,1000,8250,309500,-301250,0,0,0,0,0,0,0,0,0,12,0,40685,15000,10000,0,0,1,0,0,0,1,0,5,1,1,0,1,3000,65685,0.9563,1
636055,64615,47615,0.7369,1,17000,108598,17000,395800,470099,-74299,0,0,0,0,0,0,0,0,0,9,4,32000,0,10000,1,0,0,0,0,0,0,0,3,1,0,0,0,22615,42000,0.65,0
638066,64615,760,0.0118,2,5000,147700,63855,941000,199748,741252,0,0,0,0,0,0,0,0,0,10,6,0,34000,6000,1,0,0,0,0,0,0,0,5,1,0,0,0,24615,40000,0.6191,0
629354,64615,20318,0.3144,2,10000,157037,44297,195000,304889,-109889,0,0,0,0,0,0,0,0,0,12,4,45000,0,0,1,0,0,0,0,0,0,0,2,1,1,0,1,19615,45000,0.6964,1
655453,64615,466,0.0072,3,45000,75719,64149,1919115,427940,1491175,0,0,0,0,0,0,0,0,0,9,4,6000,7000,7000,1,0,0,0,0,0,0,0,4,1,0,0,0,44615,20000,0.3095,1
641620,64615,28334,0.4385,3,30000,127370,36281,1045186,312599,732587,0,0,0,0,0,0,0,0,0,9,1,14000,3000,0,1,0,0,0,0,1,1,0,3,1,0,0,0,47615,17000,0.2631,1
625119,64615,54615,0.8452,2,10000,41803,10000,577810,104014,473796,0,0,0,0,0,0,0,0,0,10,7,25000,10000,5000,1,0,1,0,0,0,1,0,4,1,0,0,0,24615,40000,0.6191,1
646861,64615,57773,0.8941,3,1000,69981,6842,239050,160700,78350,0,0,0,0,0,0,0,0,0,11,0,43000,15000,0,0,0,0,0,0,0,0,0,5,1,1,0,1,6615,58000,0.8976,1
647472,40940,3361,0.0821,4,15000,108143,37579,459749,239827,219922,0,0,0,0,0,0,0,0,0,9,3,3000,5000,15500,1,0,1,0,0,0,1,0,3,1,0,0,0,17440,23500,0.574,1
648802,68685,67185,0.9782,1,1500,7080,1500,577,0,577,0,0,0,0,0,0,0,0,0,12,0,46685,15000,0,0,0,1,0,0,0,1,0,5,1,1,0,1,7000,61685,0.8981,1
656704,64615,0,0,2,20000,569572,394126,2000000,441873,1558127,0,0,0,0,0,0,0,0,0,11,7,0,7000,10000,1,0,0,0,0,0,0,0,3,1,1,0,1,47615,17000,0.2631,0
647102,68685,68185,0.9927,2,500,17400,500,4000,5000,-1000,0,0,0,0,0,0,0,0,0,12,0,66685,0,0,1,0,1,0,0,0,1,0,3,1,1,0,1,2000,66685,0.9709,1
648187,68685,38685,0.5632,1,30000,83122,30000,1653000,561854,1091146,0,0,0,0,0,0,0,0,0,12,0,20000,0,0,0,0,0,0,0,0,0,0,2,1,0,0,0,48685,20000,0.2912,0
649128,68685,63685,0.9272,1,5000,19600,5000,207452,35000,172452,0,0,0,0,0,0,0,0,0,12,0,50000,5000,0,0,0,1,0,0,0,1,0,3,1,1,0,1,13685,55000,0.8008,1
640233,68685,0,0,4,30000,882515,538139,3312080,567192,2744888,0,0,0,0,0,0,0,0,0,12,1,0,15000,0,1,0,0,0,0,0,0,0,5,1,0,0,0,53685,15000,0.2184,1
656910,68685,0,0,1,22000,253374,150879,1242475,335557,906918,0,0,0,0,0,0,0,0,0,12,4,0,5000,5000,1,0,0,0,1,1,2,0,3,1,1,0,1,58685,10000,0.1456,1
656526,68685,4922,0.0717,1,13000,251774,63763,1316000,755738,560262,0,0,0,0,0,0,0,0,0,12,0,32685,7000,16000,1,0,0,0,0,0,0,0,3,1,1,0,1,13000,55685,0.8107,1
660552,64615,0,0,2,12000,682078,518463,2687284,58700,2628584,0,0,0,0,0,0,0,0,0,11,0,0,15000,29000,0,0,0,0,0,0,0,0,5,1,1,0,1,20615,44000,0.681,1
657044,64615,59615,0.9226,1,5000,16949,5000,383276,612005,-228729,0,0,0,0,0,0,0,0,0,10,5,48000,7000,0,0,0,1,0,0,0,1,0,3,1,0,0,0,9615,55000,0.8512,1
658928,64615,0,0,1,25000,292706,201647,2342628,588837,1753791,0,0,0,0,0,0,0,0,0,11,0,0,10000,13500,0,0,0,0,0,0,0,0,4,1,1,0,1,41115,23500,0.3637,0
659313,68685,40479,0.5893,2,500,43434,28206,1642669,179031,1463638,0,0,0,0,0,0,0,0,0,12,0,48185,10000,0,1,0,0,0,0,0,0,0,4,1,1,0,1,10500,58185,0.8471,1
659477,64615,10926,0.1691,2,24000,111108,53689,38360,2222,36138,0,0,0,0,0,0,0,0,0,11,7,16925,7000,8000,1,0,0,0,0,0,0,0,3,1,1,0,1,32690,31925,0.4941,1
658938,64615,0,0,2,35000,145900,121018,2207000,282000,1925000,0,0,0,0,0,0,0,0,0,10,0,0,13000,12000,1,0,0,0,0,0,0,0,4,1,1,0,1,39615,25000,0.3869,1
659948,64615,60615,0.9381,1,4000,49207,4000,4950,9657,-4707,0,0,0,0,0,0,0,0,0,11,7,44615,10000,0,1,0,0,0,0,0,0,0,4,1,1,0,1,10000,54615,0.8452,1
660454,64615,61115,0.9458,1,3500,44642,3500,84074,211300,-127226,0,0,0,0,0,0,0,0,0,11,0,24615,10000,15000,0,0,0,0,0,0,0,0,4,1,1,0,1,15000,49615,0.7679,1
660249,68685,50184,0.7306,2,3800,88149,18501,260760,186812,73948,0,0,0,0,0,0,0,0,0,12,0,48500,7500,0,0,0,0,0,0,0,0,0,3.5,1,1,0,1,12685,56000,0.8153,0
659773,68685,0,0,2,5000,234516,150529,1451500,5000,1446500,0,0,0,0,0,0,0,0,0,12,0,0,15000,48685,0,0,0,0,0,0,0,0,5,1,1,0,1,5000,63685,0.9272,1
659706,68685,56685,0.8253,1,12000,95587,12000,314000,324000,-10000,0,0,0,0,0,0,0,0,0,12,0,28685,13000,15000,1,0,0,0,0,0,0,0,3,1,1,0,1,12000,56685,0.8253,1
657243,68685,58685,0.8544,2,10000,25434,10000,747700,74000,673700,0,0,0,0,0,0,0,0,0,12,0,40370,10000,0,0,0,0,0,0,0,0,0,4,1,1,0,1,18315,50370,0.7333,1
659309,64615,64515,0.9985,2,100,30618,100,96763,96317,446,0,0,0,0,0,0,0,0,0,11,0,29615,15000,15000,0,0,0,0,0,0,0,0,5,1,1,0,1,5000,59615,0.9226,1
658049,64615,15303,0.2368,1,5000,103952,49312,970120,286752,683368,0,0,0,0,0,0,0,0,0,11,0,34615,15000,5000,0,0,0,0,0,0,0,0,5,1,0,0,0,10000,54615,0.8452,1
658399,64615,0,0,2,5000,160113,84545,1734383,499017,1235366,0,0,0,0,0,0,0,0,0,10,4,0,15000,12615,0,0,0,0,0,0,0,0,5,1,1,0,1,37000,27615,0.4274,0
658328,68685,17038,0.2481,1,1500,116542,51647,275200,28700,246500,0,0,0,0,0,0,0,0,0,12,4,41685,0,10000,1,0,0,0,0,0,0,0,2,1,0,0,0,17000,51685,0.7525,1
659768,68685,67685,0.9854,1,1000,10955,1000,267,0,267,0,0,0,0,0,0,0,0,0,12,0,59685,7000,0,0,0,1,0,0,0,1,0,3,1,1,0,1,2000,66685,0.9709,1
657787,64615,59615,0.9226,3,5000,120000,5000,83500,40281,43219,0,0,0,0,0,0,0,0,0,11,1,30000,5000,0,0,0,0,0,0,0,0,0,3,1,1,0,1,29615,35000,0.5417,1
658874,64615,37309,0.5774,2,5000,94772,27306,238000,235462,2538,0,0,0,0,0,0,0,0,0,11,0,34615,10000,10000,0,0,0,0,0,0,0,0,4,1,1,0,1,10000,54615,0.8452,1
659967,68685,54138,0.7882,2,5000,51259,14547,677701,1,677700,0,0,0,0,0,0,0,0,0,12,0,35685,15000,0,0,0,0,0,0,0,0,0,5,1,1,0,1,18000,50685,0.7379,1
658596,64615,13414,0.2076,3,100,89499,51201,60000,600,59400,0,0,0,0,0,0,0,0,0,11,0,35615,15000,10000,0,0,0,0,0,0,0,0,5,1,1,0,1,4000,60615,0.9381,1
658693,64615,57927,0.8965,1,5000,45295,6688,236000,19200,216800,0,0,0,0,0,0,0,0,0,11,0,40000,10000,0,1,0,0,0,0,0,0,0,4,1,1,0,1,14615,50000,0.7738,0
657241,64615,0,0,1,18500,125392,149594,2741837,4152,2737685,0,0,0,0,0,0,0,0,0,11,0,0,10000,15615,1,0,0,0,0,0,0,0,4,1,1,0,1,39000,25615,0.3964,1
658222,64615,0,0,1,16000,316054,126515,1536814,244919,1291895,0,0,0,0,0,0,0,0,0,11,0,0,15000,16615,1,0,0,0,0,0,0,0,5,1,0,0,0,33000,31615,0.4893,1
658642,68685,13625,0.1984,2,1000,192757,55060,636000,345000,291000,0,0,0,0,0,0,0,0,0,12,1,34185,10000,10000,0,0,1,0,0,0,1,0,4,1,0,0,0,14500,54185,0.7889,1
658513,68685,66685,0.9709,1,2000,35130,2000,338800,5000,333800,0,0,0,0,0,0,0,0,0,12,0,44685,12000,0,0,0,1,0,0,0,1,0,4.5,1,1,0,1,12000,56685,0.8253,1
659895,68685,21044,0.3064,3,10000,40721,47641,4400322,937000,3463322,0,0,0,0,0,0,0,0,0,12,0,29000,15000,0,1,1,0,0,0,1,2,0,4,1,1,0,1,24685,44000,0.6406,1
657371,68685,0,0,3,6000,135035,76272,937118,90618,846500,1,0,0,0,0,0,0,0,1,12,0,0,10000,38685,0,0,0,0,0,0,0,0,4,1,1,0,1,20000,48685,0.7088,0
658421,64615,44615,0.6905,1,20000,48835,20000,105400,3620,101780,0,0,0,0,0,0,0,0,0,9,4,10000,15000,0,1,0,1,0,0,0,1,0,5,1,1,0,1,39615,25000,0.3869,1
659126,68685,32444,0.4724,1,3000,93769,36241,385830,59846,325984,0,0,0,0,0,0,0,0,0,12,4,20000,5000,10000,1,0,0,0,0,0,0,0,3,1,1,0,1,33685,35000,0.5096,0
660994,64615,55976,0.8663,1,0,65740,8639,191500,97000,94500,0,0,0,0,0,0,0,0,0,11,0,56615,5000,0,0,0,1,0,0,0,1,0,3,1,1,0,1,3000,61615,0.9536,1
657361,68685,40392,0.5881,2,12000,85969,28293,668633,72549,596084,0,0,0,0,0,0,0,0,0,12,7,20000,10000,5000,0,0,0,0,0,0,0,0,4,1,1,0,1,33685,35000,0.5096,0
657356,64615,0,0,1,15000,294941,169929,838781,346297,492484,0,0,0,0,0,0,0,0,0,9,0,0,15000,20000,1,0,0,0,0,0,0,0,5,1,1,0,1,29615,35000,0.5417,1
657607,64615,61615,0.9536,3,3000,42479,3000,54479,12900,41579,0,0,0,0,0,0,0,0,0,11,0,50615,7000,0,0,0,1,0,0,0,1,0,3,1,1,0,1,7000,57615,0.8917,1
659001,68685,21438,0.3121,2,10000,181093,47247,696422,393902,302520,0,0,0,0,0,0,0,0,0,12,0,0,15000,32500,1,0,0,0,0,0,0,0,5,1,1,0,1,21185,47500,0.6916,0
658341,64615,0,0,1,15000,471101,270466,1205000,201000,1004000,0,0,0,0,0,0,0,0,0,10,0,15615,10000,10000,1,0,1,0,0,0,1,0,4,1,1,0,1,29000,35615,0.5512,1
659636,64615,0,0,2,10000,397717,208173,1575657,13146,1562511,0,0,0,0,0,0,0,0,0,10,4,0,10000,10000,1,0,0,0,0,0,0,0,4,1,1,0,1,44615,20000,0.3095,0
660589,68685,0,0,1,20000,744892,463474,1335108,4105,1331003,0,0,0,0,0,0,0,0,0,12,0,0,10000,10000,0,0,0,0,0,0,0,0,4,1,1,0,1,48685,20000,0.2912,1
647040,64615,0,0,2,61000,663943,416788,4572752,1919725,2653027,0,1,0,0,0,0,0,0,1,9,0,0,0,0,1,0,0,0,0,1,1,0,2,1,0,0,0,64615,0,0,1
581625,66135,0,0,2,30000,361318,191685,1920207,886745,1033462,0,0,0,0,0,0,0,0,0,12,6,0,0,15000,1,0,0,0,0,0,0,0,4,1,1,0,1,51135,15000,0.2268,1
549383,62185,0,0,1,40000,134461,187216,3993000,0,3993000,0,0,0,0,0,0,0,0,1,13,0,0,0,10000,1,1,0,0,0,0,1,0,4,1,1,1,2,52185,10000,0.1608,1
582553,62185,50753,0.8162,2,0,19426,11432,1000011,150,999861,0,0,0,0,0,0,0,0,0,10,4,0,0,0,1,0,0,0,0,0,0,0,4,1,0,0,0,62185,0,0,0
577577,66135,0,0,1,10000,169000,108254,709000,277000,432000,0,0,0,0,0,0,0,0,0,12,0,0,0,5000,0,0,0,0,0,0,0,0,4,1,0,0,0,61135,5000,0.0756,0
585198,62185,0,0,1,47500,568756,442083,2928000,0,2928000,0,0,0,0,0,0,0,0,0,11,4,0,0,0,1,0,0,0,1,1,2,0,2,1,0,0,0,62185,0,0,1
579187,62185,0,0,1,40000,430522,206098,401981,70000,331981,0,0,0,0,0,0,0,0,0,10,4,0,0,0,1,0,1,0,0,0,1,0,5,1,1,0,1,62185,0,0,1
588378,62185,0,0,1,6000,340408,241905,1187000,51970,1135030,0,0,0,0,0,0,0,0,0,11,0,30000,0,7000,0,0,0,0,0,0,0,0,4,1,1,0,1,25185,37000,0.595,1
579209,64615,62185,0.9624,1,0,29017,0,0,50000,-50000,0,0,0,0,0,0,0,0,0,10,0,43000,0,0,0,0,0,0,0,0,0,0,2,1,0,0,0,21615,43000,0.6655,1
546270,66135,53113,0.8031,5,12000,90404,13022,26500,30500,-4000,0,0,0,0,0,0,0,0,0,12,5,42000,0,0,1,0,0,0,0,0,0,0,5,1,0,0,0,24135,42000,0.6351,1
579251,66135,62135,0.9395,1,4000,20000,4000,1200,15000,-13800,0,0,0,0,0,0,0,0,0,12,1,54000,0,0,0,0,0,0,0,0,0,0,3,1,1,1,2,12135,54000,0.8165,1
540865,66135,0,0,4,8000,356668,347978,3385000,146000,3239000,0,0,0,0,0,0,0,0,0,12,5,0,0,0,1,0,0,0,0,0,0,0,3,1,0,0,0,66135,0,0,0
577081,66135,51135,0.7732,2,15000,37000,15000,66912,2500,64412,0,0,0,0,0,0,0,0,0,12,0,26000,0,0,1,0,0,0,0,0,0,0,2,1,0,0,0,40135,26000,0.3931,0
546607,62185,0,0,2,10000,168993,67485,559970,276759,283211,0,0,0,0,0,0,0,0,0,9,5,35000,0,0,1,0,0,0,0,0,0,0,1,1,0,0,0,27185,35000,0.5628,0
590435,66135,0,0,1,15000,358000,332903,4786500,7500,4779000,0,0,0,0,0,0,0,0,0,12,0,0,0,0,0,0,0,0,0,0,0,0,3,1,1,0,1,66135,0,0,1
552051,66135,16179,0.2446,3,10000,123373,49956,1225435,394768,830667,1,0,0,0,0,0,0,0,1,12,3,36200,0,10000,1,0,0,0,0,0,0,0,5,1,0,0,0,19935,46200,0.6986,1
543284,66135,0,0,2,40000,239188,170549,1633247,199345,1433902,0,0,0,0,0,0,0,0,0,12,1,0,0,0,1,0,0,0,0,0,0,0,3,1,1,1,2,66135,0,0,1
531906,62185,52185,0.8392,1,10000,55457,10000,25100,139500,-114400,0,0,0,0,0,0,0,0,0,9,3,45000,0,0,0,1,1,1,1,1,5,1,5,1,1,0,1,17185,45000,0.7236,1
562249,62185,0,0,2,26500,384500,333996,6062646,1234693,4827953,0,0,0,0,0,0,0,0,0,11,4,0,0,0,1,0,0,0,0,1,1,0,4,1,0,0,0,62185,0,0,1
530139,62185,0,0,2,10000,217727,93875,768360,248270,520090,0,0,0,0,0,0,0,0,0,9,0,15000,0,0,0,0,0,1,0,0,1,0,3,1,0,0,0,47185,15000,0.2412,1
536371,66135,0,0,1,30000,431472,264871,2388830,1074600,1314230,0,0,0,0,0,0,0,0,0,12,0,0,0,0,1,0,0,0,0,1,1,0,3,1,1,0,1,66135,0,0,1
549059,62185,0,0,2,45000,455064,276456,1364445,366159,998286,0,0,0,0,0,0,0,0,0,10,3,0,0,0,1,0,0,1,0,0,1,0,2,1,0,0,0,62185,0,0,1
536817,62185,40321,0.6484,1,15000,85113,21864,296100,142171,153929,0,0,0,0,0,0,0,0,0,9,0,42200,0,0,0,0,0,0,0,0,0,0,2,1,0,0,0,19985,42200,0.6786,1
545389,62185,0,0,2,25000,302193,160333,1772500,574000,1198500,0,0,0,0,0,0,0,0,0,9,3,5000,0,10000,0,0,0,0,0,0,0,0,4,1,1,0,1,47185,15000,0.2412,1
545939,66135,0,0,3,35000,179764,174911,3218349,5000,3213349,0,0,0,0,0,0,0,0,0,12,3,0,0,0,1,0,0,0,1,1,2,0,3,1,1,0,1,66135,0,0,1
528232,66135,0,0,3,16500,186650,93018,1236700,354062,882638,0,0,0,0,0,0,0,0,0,12,0,0,0,10000,1,0,0,0,0,0,0,0,5,1,1,1,2,56135,10000,0.1512,0
530885,39200,0,0,2,12000,671993,335242,1039000,800000,239000,0,0,0,0,0,0,0,0,0,9,3,0,0,3000,1,0,1,0,0,0,1,0,4,1,0,0,0,36200,3000,0.0765,1
575094,62185,0,0,1,59400,290375,219906,2989000,555980,2433020,0,0,0,0,0,0,0,0,0,11,1,0,0,3000,1,0,0,0,0,0,0,0,5,1,0,0,0,59185,3000,0.0482,1
590699,62185,0,0,1,36000,887423,590752,2842000,410000,2432000,0,0,0,0,0,0,0,0,0,11,0,0,0,5000,1,0,0,1,0,0,1,0,2,1,1,0,1,57185,5000,0.0804,1
536309,62185,0,0,2,30000,442111,273454,3049780,1234895,1814885,0,0,0,0,0,0,0,0,0,10,1,0,0,5000,1,0,0,0,0,0,0,0,3,1,1,0,1,57185,5000,0.0804,1
552240,41900,37900,0.9045,1,4000,46290,4000,225311,1500,223811,0,0,0,0,0,0,0,0,0,12,1,5000,0,0,1,0,0,0,0,0,0,0,3,1,1,0,1,36900,5000,0.1193,0
563562,66135,0,0,2,20000,576746,274144,3547651,2604704,942947,0,0,0,0,0,0,0,0,0,12,0,0,0,0,1,0,0,0,0,0,0,0,3,1,1,0,1,66135,0,0,1
591890,62185,0,0,2,55000,742993,528377,3540000,143000,3397000,0,0,0,0,0,0,0,0,0,9,0,0,0,5000,1,0,0,0,0,0,0,0,5,1,1,0,1,57185,5000,0.0804,1
529450,62185,0,0,2,40000,305700,217187,2720000,998000,1722000,0,0,0,0,0,0,0,0,0,9,4,0,0,5000,1,0,0,0,0,1,1,0,3,1,0,0,0,57185,5000,0.0804,1
533148,39200,34200,0.8724,1,5000,43000,5000,17800,0,17800,0,0,0,0,0,0,0,0,0,9,0,0,0,5000,0,0,1,0,0,0,1,0,5,1,0,0,0,34200,5000,0.1276,0
527689,62185,0,0,3,30000,469823,204685,937702,237541,700161,0,0,0,0,0,0,0,0,0,9,4,0,0,5000,1,0,0,0,0,1,1,0,3,1,1,0,1,57185,5000,0.0804,1
577769,62185,0,0,4,36000,695000,421824,2341329,2369339,-28010,0,0,0,0,0,0,0,0,0,9,0,0,0,5000,0,0,0,0,0,0,0,0,4,1,0,0,0,57185,5000,0.0804,0
541171,62185,0,0,1,40000,229592,318941,4150000,10000,4140000,0,0,0,0,0,0,0,0,0,10,0,0,0,7000,1,0,0,0,0,0,0,0,5,1,0,0,0,55185,7000,0.1126,1
549328,62185,0,0,3,50000,907409,633682,4110067,818000,3292067,0,0,0,0,0,0,0,0,0,11,0,7500,0,0,0,0,0,0,0,0,0,0,3,1,0,0,0,54685,7500,0.1206,1
527829,62185,0,0,1,30000,678000,435892,3270000,454000,2816000,0,0,0,0,0,0,0,0,0,11,1,3000,0,5000,1,0,0,0,0,0,0,0,4,1,1,0,1,54185,8000,0.1286,0
528693,66135,0,0,1,40000,303918,312576,4733925,691305,4042620,0,0,0,0,0,0,0,0,0,12,0,0,0,8000,1,0,0,0,0,0,0,0,3,1,1,0,1,58135,8000,0.121,1
527771,62185,17185,0.2764,1,45000,100341,45000,499769,204301,295468,0,0,0,0,0,0,0,0,0,11,7,10000,0,0,1,0,0,0,0,1,1,0,4,1,0,0,0,52185,10000,0.1608,1
527634,62185,0,0,1,20000,126510,82135,731530,3453,728077,0,1,0,0,0,0,0,0,1,9,4,0,0,10000,1,0,0,0,0,0,0,0,4,1,1,0,1,52185,10000,0.1608,1
594149,62185,0,0,3,50000,87163,76486,2110860,913000,1197860,0,0,0,0,0,0,0,0,0,10,0,0,0,10000,1,0,1,0,0,0,1,0,1,1,1,0,1,52185,10000,0.1608,1
528532,62185,0,0,1,50000,358578,223143,1914175,330758,1583417,0,0,0,0,0,0,0,0,0,10,1,0,0,10000,0,0,0,0,0,0,0,0,4,1,0,0,0,52185,10000,0.1608,1
529840,62185,0,0,2,16000,99856,86585,1879000,629999,1249001,1,1,0,0,0,0,0,0,2,10,5,0,0,10000,0,0,0,0,0,0,0,0,3,1,1,0,1,52185,10000,0.1608,1
551436,62185,0,0,3,30000,864000,487220,1456000,1645667,-189667,0,0,0,0,0,0,0,0,0,9,3,0,0,10000,1,0,1,0,0,0,1,0,5,1,1,0,1,52185,10000,0.1608,0
522606,39200,0,0,2,5000,143000,100177,1125000,3000,1122000,1,1,0,0,0,0,0,0,2,11,4,0,0,10000,1,0,1,0,0,0,1,0,3,1,1,1,2,29200,10000,0.2551,0
528298,62185,0,0,2,38000,427567,177036,1335737,542822,792915,0,0,0,0,1,1,0,0,2,11,6,0,0,10000,1,0,0,0,0,0,0,1,5,1,1,0,1,52185,10000,0.1608,1
550054,62185,0,0,4,40000,478251,496340,2676000,165000,2511000,0,0,0,0,0,0,0,0,0,9,0,0,0,10000,0,0,1,0,0,0,1,0,4,1,1,0,1,52185,10000,0.1608,1
545808,62185,0,0,1,40000,341150,165970,1346000,652500,693500,0,0,0,0,0,0,0,0,0,13,0,0,0,10000,0,1,0,0,0,0,1,0,4,1,0,1,1,52185,10000,0.1608,1
553215,62185,0,0,2,30000,300727,215229,3736351,525081,3211270,0,0,0,0,0,0,0,0,0,9,3,0,0,10000,1,0,0,0,0,0,0,0,5,1,1,0,1,52185,10000,0.1608,0
578777,66135,0,0,1,15000,328373,173465,1720000,525000,1195000,0,0,0,0,0,0,0,0,0,12,3,0,0,10000,1,0,0,0,0,0,0,0,5,1,0,0,0,56135,10000,0.1512,0
550632,66135,0,0,2,30000,367000,335521,1610000,30000,1580000,0,0,0,0,0,0,0,0,0,12,0,0,0,10000,1,0,0,0,1,0,1,0,3,1,1,0,1,56135,10000,0.1512,1
533177,66135,0,0,2,25000,228780,179178,2171146,78696,2092450,0,0,0,0,0,0,0,0,0,12,0,0,0,10000,0,0,0,0,0,1,1,0,3,1,1,0,1,56135,10000,0.1512,1
589399,62185,0,0,2,20000,776449,487756,3369816,12000,3357816,0,0,0,0,0,0,0,0,0,10,0,0,0,11000,0,0,0,0,0,0,0,0,4,1,1,0,1,51185,11000,0.1769,1
542685,62185,0,0,3,26000,400000,477367,5120000,685000,4435000,0,0,0,0,0,0,0,0,0,9,1,12000,0,0,1,0,1,0,1,0,2,0,3,1,1,0,1,50185,12000,0.193,0
550356,62185,0,0,2,10000,252015,88886,854592,647459,207133,0,0,0,0,0,0,0,0,0,9,1,12500,0,0,1,0,0,0,0,0,0,0,4,1,0,0,0,49685,12500,0.201,0
528778,62185,0,0,5,34000,756018,613647,5483000,1545000,3938000,0,0,0,0,0,0,0,0,0,11,1,7600,0,5000,1,0,0,0,0,0,0,0,5,1,1,0,1,49585,12600,0.2026,0
593385,62185,4430,0.0712,1,22500,135000,57755,526000,52000,474000,0,0,0,0,0,0,0,0,0,9,0,0,0,15000,1,0,1,0,0,0,1,0,2,1,1,0,1,47185,15000,0.2412,1
586567,62185,0,0,2,13800,339760,190889,1867868,113707,1754161,0,0,0,0,0,0,0,0,0,11,1,0,0,15000,1,0,0,0,0,0,0,0,4,1,1,0,1,47185,15000,0.2412,0
590856,62185,23185,0.3728,1,39000,16288,39000,1210000,1500,1208500,0,0,0,0,0,0,0,0,0,11,0,0,0,15000,0,0,1,0,0,0,1,0,4,1,1,0,1,47185,15000,0.2412,1
528658,62185,0,0,2,5000,225000,109070,743000,355661,387339,0,0,0,0,0,0,0,0,0,11,3,0,0,15000,1,0,0,0,0,0,0,0,4,1,0,1,1,47185,15000,0.2412,0
575528,66135,0,0,2,10000,199715,72695,1351112,802195,548917,0,0,0,0,0,0,0,0,0,12,1,10000,0,5000,1,0,0,0,0,0,0,0,5,1,1,0,1,51135,15000,0.2268,0
590586,62185,0,0,2,30000,367718,195009,929000,681112,247888,0,0,0,0,0,0,0,0,0,11,0,0,0,15000,0,0,0,0,0,0,0,0,4,1,1,0,1,47185,15000,0.2412,1
590959,66135,0,0,1,25000,214200,102238,2693000,1048000,1645000,0,0,0,0,0,0,0,0,0,12,0,15000,0,15000,1,0,0,0,0,0,0,1,4,1,1,0,1,36135,30000,0.4536,1
550356,62185,0,0,2,10000,252015,88886,854592,647459,207133,0,0,0,0,0,0,0,0,0,9,1,12500,0,0,1,0,0,0,0,0,0,0,4,1,0,0,0,49685,12500,0.201,0
528778,62185,0,0,5,34000,756018,613647,5483000,1545000,3938000,0,0,0,0,0,0,0,0,0,11,1,7600,0,5000,1,0,0,0,0,0,0,0,5,1,1,0,1,49585,12600,0.2026,0
593385,62185,4430,0.0712,1,22500,135000,57755,526000,52000,474000,0,0,0,0,0,0,0,0,0,9,0,0,0,15000,1,0,1,0,0,0,1,0,2,1,1,0,1,47185,15000,0.2412,1
586567,62185,0,0,2,13800,339760,190889,1867868,113707,1754161,0,0,0,0,0,0,0,0,0,11,1,0,0,15000,1,0,0,0,0,0,0,0,4,1,1,0,1,47185,15000,0.2412,0
590856,62185,23185,0.3728,1,39000,16288,39000,1210000,1500,1208500,0,0,0,0,0,0,0,0,0,11,0,0,0,15000,0,0,1,0,0,0,1,0,4,1,1,0,1,47185,15000,0.2412,1
528658,62185,0,0,2,5000,225000,109070,743000,355661,387339,0,0,0,0,0,0,0,0,0,11,3,0,0,15000,1,0,0,0,0,0,0,0,4,1,0,1,1,47185,15000,0.2412,0
575528,66135,0,0,2,10000,199715,72695,1351112,802195,548917,0,0,0,0,0,0,0,0,0,12,1,10000,0,5000,1,0,0,0,0,0,0,0,5,1,1,0,1,51135,15000,0.2268,0
590586,62185,0,0,2,30000,367718,195009,929000,681112,247888,0,0,0,0,0,0,0,0,0,11,0,0,0,15000,0,0,0,0,0,0,0,0,4,1,1,0,1,47185,15000,0.2412,1
590959,66135,0,0,1,25000,214200,102238,2693000,1048000,1645000,0,0,0,0,0,0,0,0,0,12,0,15000,0,15000,1,0,0,0,0,0,0,1,4,1,1,0,1,36135,30000,0.4536,1
